window_id,session_id,source_path,tid,start_frame,end_frame,frames_observed,point_tensor_shape,track_tensor_shape,sparsity_tensor_shape,old_model_tensor_shape,range_band,point_count_mean,valid_frame_rate,coarse_pose,subtype_pose,label_source
0,pc_smoke_standing_2m_01,C:\Users\UBESC\Desktop\Combined MMwave and RGB\mmwave_pose_ui_4ec2b00\logs\pc_smoke_standing_2m_01\mmwave_associated_points.csv,0,545,576,32,"(32, 64, 8)","(32, 12)","(10,)","(32, 5)",NEAR,12.875,1.0,STANDING,STANDING,session_name_heuristic
1,pc_smoke_standing_2m_01,C:\Users\UBESC\Desktop\Combined MMwave and RGB\mmwave_pose_ui_4ec2b00\logs\pc_smoke_standing_2m_01\mmwave_associated_points.csv,0,561,592,32,"(32, 64, 8)","(32, 12)","(10,)","(32, 5)",NEAR,11.0938,1.0,STANDING,STANDING,session_name_heuristic
2,pc_smoke_standing_2m_01,C:\Users\UBESC\Desktop\Combined MMwave and RGB\mmwave_pose_ui_4ec2b00\logs\pc_smoke_standing_2m_01\mmwave_associated_points.csv,0,577,608,32,"(32, 64, 8)","(32, 12)","(10,)","(32, 5)",NEAR,8.4688,0.875,STANDING,STANDING,session_name_heuristic
3,pc_smoke_standing_2m_01,C:\Users\UBESC\Desktop\Combined MMwave and RGB\mmwave_pose_ui_4ec2b00\logs\pc_smoke_standing_2m_01\mmwave_associated_points.csv,0,593,624,32,"(32, 64, 8)","(32, 12)","(10,)","(32, 5)",NEAR,2.2812,0.75,STANDING,STANDING,session_name_heuristic
4,pc_smoke_standing_2m_01,C:\Users\UBESC\Desktop\Combined MMwave and RGB\mmwave_pose_ui_4ec2b00\logs\pc_smoke_standing_2m_01\mmwave_associated_points.csv,0,609,640,32,"(32, 64, 8)","(32, 12)","(10,)","(32, 5)",NEAR,1.625,0.6875,STANDING,STANDING,session_name_heuristic
5,pc_smoke_standing_2m_01,C:\Users\UBESC\Desktop\Combined MMwave and RGB\mmwave_pose_ui_4ec2b00\logs\pc_smoke_standing_2m_01\mmwave_associated_points.csv,0,625,656,32,"(32, 64, 8)","(32, 12)","(10,)","(32, 5)",NEAR,0.9062,0.3438,STANDING,STANDING,session_name_heuristic
6,pc_smoke_standing_2m_01,C:\Users\UBESC\Desktop\Combined MMwave and RGB\mmwave_pose_ui_4ec2b00\logs\pc_smoke_standing_2m_01\mmwave_associated_points.csv,0,641,672,32,"(32, 64, 8)","(32, 12)","(10,)","(32, 5)",NEAR,1.6562,0.5312,STANDING,STANDING,session_name_heuristic
7,pc_smoke_standing_2m_01,C:\Users\UBESC\Desktop\Combined MMwave and RGB\mmwave_pose_ui_4ec2b00\logs\pc_smoke_standing_2m_01\mmwave_associated_points.csv,0,657,688,32,"(32, 64, 8)","(32, 12)","(10,)","(32, 5)",NEAR,6.75,1.0,STANDING,STANDING,session_name_heuristic
8,pc_smoke_standing_2m_01,C:\Users\UBESC\Desktop\Combined MMwave and RGB\mmwave_pose_ui_4ec2b00\logs\pc_smoke_standing_2m_01\mmwave_associated_points.csv,0,673,704,32,"(32, 64, 8)","(32, 12)","(10,)","(32, 5)",NEAR,10.7188,1.0,STANDING,STANDING,session_name_heuristic
9,pc_smoke_standing_2m_01,C:\Users\UBESC\Desktop\Combined MMwave and RGB\mmwave_pose_ui_4ec2b00\logs\pc_smoke_standing_2m_01\mmwave_associated_points.csv,0,689,720,32,"(32, 64, 8)","(32, 12)","(10,)","(32, 5)",NEAR,9.75,1.0,STANDING,STANDING,session_name_heuristic
10,pc_smoke_standing_2m_01,C:\Users\UBESC\Desktop\Combined MMwave and RGB\mmwave_pose_ui_4ec2b00\logs\pc_smoke_standing_2m_01\mmwave_associated_points.csv,0,705,736,32,"(32, 64, 8)","(32, 12)","(10,)","(32, 5)",NEAR,8.2188,1.0,STANDING,STANDING,session_name_heuristic
11,pc_smoke_standing_2m_01,C:\Users\UBESC\Desktop\Combined MMwave and RGB\mmwave_pose_ui_4ec2b00\logs\pc_smoke_standing_2m_01\mmwave_associated_points.csv,0,721,752,32,"(32, 64, 8)","(32, 12)","(10,)","(32, 5)",NEAR,7.2188,1.0,STANDING,STANDING,session_name_heuristic
12,pc_smoke_standing_2m_01,C:\Users\UBESC\Desktop\Combined MMwave and RGB\mmwave_pose_ui_4ec2b00\logs\pc_smoke_standing_2m_01\mmwave_associated_points.csv,0,737,768,32,"(32, 64, 8)","(32, 12)","(10,)","(32, 5)",NEAR,4.7812,1.0,STANDING,STANDING,session_name_heuristic
13,pc_smoke_standing_2m_01,C:\Users\UBESC\Desktop\Combined MMwave and RGB\mmwave_pose_ui_4ec2b00\logs\pc_smoke_standing_2m_01\mmwave_associated_points.csv,0,753,784,32,"(32, 64, 8)","(32, 12)","(10,)","(32, 5)",NEAR,2.4688,0.8125,STANDING,STANDING,session_name_heuristic
14,pc_smoke_standing_2m_01,C:\Users\UBESC\Desktop\Combined MMwave and RGB\mmwave_pose_ui_4ec2b00\logs\pc_smoke_standing_2m_01\mmwave_associated_points.csv,0,769,800,32,"(32, 64, 8)","(32, 12)","(10,)","(32, 5)",NEAR,2.75,0.6875,STANDING,STANDING,session_name_heuristic
15,pc_smoke_standing_2m_01,C:\Users\UBESC\Desktop\Combined MMwave and RGB\mmwave_pose_ui_4ec2b00\logs\pc_smoke_standing_2m_01\mmwave_associated_points.csv,0,785,816,32,"(32, 64, 8)","(32, 12)","(10,)","(32, 5)",NEAR,3.0312,0.6875,STANDING,STANDING,session_name_heuristic
16,pc_smoke_standing_2m_01,C:\Users\UBESC\Desktop\Combined MMwave and RGB\mmwave_pose_ui_4ec2b00\logs\pc_smoke_standing_2m_01\mmwave_associated_points.csv,0,801,832,32,"(32, 64, 8)","(32, 12)","(10,)","(32, 5)",NEAR,2.5312,0.75,STANDING,STANDING,session_name_heuristic
17,pc_smoke_standing_2m_01,C:\Users\UBESC\Desktop\Combined MMwave and RGB\mmwave_pose_ui_4ec2b00\logs\pc_smoke_standing_2m_01\mmwave_associated_points.csv,0,817,848,32,"(32, 64, 8)","(32, 12)","(10,)","(32, 5)",NEAR,1.5625,0.5625,STANDING,STANDING,session_name_heuristic
18,pc_smoke_standing_2m_01,C:\Users\UBESC\Desktop\Combined MMwave and RGB\mmwave_pose_ui_4ec2b00\logs\pc_smoke_standing_2m_01\mmwave_associated_points.csv,0,833,864,32,"(32, 64, 8)","(32, 12)","(10,)","(32, 5)",NEAR,0.7812,0.4375,STANDING,STANDING,session_name_heuristic
19,pc_smoke_standing_2m_01,C:\Users\UBESC\Desktop\Combined MMwave and RGB\mmwave_pose_ui_4ec2b00\logs\pc_smoke_standing_2m_01\mmwave_associated_points.csv,0,849,880,32,"(32, 64, 8)","(32, 12)","(10,)","(32, 5)",NEAR,1.9062,0.7812,STANDING,STANDING,session_name_heuristic
20,pc_smoke_standing_2m_01,C:\Users\UBESC\Desktop\Combined MMwave and RGB\mmwave_pose_ui_4ec2b00\logs\pc_smoke_standing_2m_01\mmwave_associated_points.csv,0,865,896,32,"(32, 64, 8)","(32, 12)","(10,)","(32, 5)",NEAR,1.5625,0.5625,STANDING,STANDING,session_name_heuristic
21,pc_smoke_standing_2m_01,C:\Users\UBESC\Desktop\Combined MMwave and RGB\mmwave_pose_ui_4ec2b00\logs\pc_smoke_standing_2m_01\mmwave_associated_points.csv,0,881,912,32,"(32, 64, 8)","(32, 12)","(10,)","(32, 5)",NEAR,0.625,0.3125,STANDING,STANDING,session_name_heuristic
22,pc_smoke_standing_2m_01,C:\Users\UBESC\Desktop\Combined MMwave and RGB\mmwave_pose_ui_4ec2b00\logs\pc_smoke_standing_2m_01\mmwave_associated_points.csv,0,897,928,32,"(32, 64, 8)","(32, 12)","(10,)","(32, 5)",NEAR,1.3438,0.625,STANDING,STANDING,session_name_heuristic
23,pc_smoke_standing_2m_01,C:\Users\UBESC\Desktop\Combined MMwave and RGB\mmwave_pose_ui_4ec2b00\logs\pc_smoke_standing_2m_01\mmwave_associated_points.csv,0,913,944,32,"(32, 64, 8)","(32, 12)","(10,)","(32, 5)",NEAR,1.625,0.7812,STANDING,STANDING,session_name_heuristic
24,pc_smoke_standing_2m_01,C:\Users\UBESC\Desktop\Combined MMwave and RGB\mmwave_pose_ui_4ec2b00\logs\pc_smoke_standing_2m_01\mmwave_associated_points.csv,0,929,960,32,"(32, 64, 8)","(32, 12)","(10,)","(32, 5)",NEAR,3.0625,0.875,STANDING,STANDING,session_name_heuristic
25,pc_smoke_standing_2m_01,C:\Users\UBESC\Desktop\Combined MMwave and RGB\mmwave_pose_ui_4ec2b00\logs\pc_smoke_standing_2m_01\mmwave_associated_points.csv,0,945,976,32,"(32, 64, 8)","(32, 12)","(10,)","(32, 5)",NEAR,7.3438,1.0,STANDING,STANDING,session_name_heuristic
26,pc_smoke_standing_2m_01,C:\Users\UBESC\Desktop\Combined MMwave and RGB\mmwave_pose_ui_4ec2b00\logs\pc_smoke_standing_2m_01\mmwave_associated_points.csv,0,961,992,32,"(32, 64, 8)","(32, 12)","(10,)","(32, 5)",NEAR,8.9062,1.0,STANDING,STANDING,session_name_heuristic
27,pc_smoke_standing_2m_01,C:\Users\UBESC\Desktop\Combined MMwave and RGB\mmwave_pose_ui_4ec2b00\logs\pc_smoke_standing_2m_01\mmwave_associated_points.csv,0,977,1010,32,"(32, 64, 8)","(32, 12)","(10,)","(32, 5)",NEAR,8.875,1.0,STANDING,STANDING,session_name_heuristic
28,pc_smoke_standing_2m_01,C:\Users\UBESC\Desktop\Combined MMwave and RGB\mmwave_pose_ui_4ec2b00\logs\pc_smoke_standing_2m_01\mmwave_associated_points.csv,0,993,1026,32,"(32, 64, 8)","(32, 12)","(10,)","(32, 5)",NEAR,7.2188,1.0,STANDING,STANDING,session_name_heuristic
29,pc_smoke_standing_2m_01,C:\Users\UBESC\Desktop\Combined MMwave and RGB\mmwave_pose_ui_4ec2b00\logs\pc_smoke_standing_2m_01\mmwave_associated_points.csv,0,1011,1042,32,"(32, 64, 8)","(32, 12)","(10,)","(32, 5)",NEAR,3.5,1.0,STANDING,STANDING,session_name_heuristic
30,pc_smoke_standing_2m_01,C:\Users\UBESC\Desktop\Combined MMwave and RGB\mmwave_pose_ui_4ec2b00\logs\pc_smoke_standing_2m_01\mmwave_associated_points.csv,0,1027,1058,32,"(32, 64, 8)","(32, 12)","(10,)","(32, 5)",NEAR,1.9375,0.8438,STANDING,STANDING,session_name_heuristic
31,pc_smoke_standing_2m_01,C:\Users\UBESC\Desktop\Combined MMwave and RGB\mmwave_pose_ui_4ec2b00\logs\pc_smoke_standing_2m_01\mmwave_associated_points.csv,0,1043,1074,32,"(32, 64, 8)","(32, 12)","(10,)","(32, 5)",FAR,0.875,0.4062,STANDING,STANDING,session_name_heuristic
32,pc_smoke_standing_2m_01,C:\Users\UBESC\Desktop\Combined MMwave and RGB\mmwave_pose_ui_4ec2b00\logs\pc_smoke_standing_2m_01\mmwave_associated_points.csv,0,1059,1090,32,"(32, 64, 8)","(32, 12)","(10,)","(32, 5)",FAR,0.2188,0.125,STANDING,STANDING,session_name_heuristic
33,pc_smoke_standing_2m_01,C:\Users\UBESC\Desktop\Combined MMwave and RGB\mmwave_pose_ui_4ec2b00\logs\pc_smoke_standing_2m_01\mmwave_associated_points.csv,0,1075,1106,32,"(32, 64, 8)","(32, 12)","(10,)","(32, 5)",FAR,0.0938,0.0625,STANDING,STANDING,session_name_heuristic
34,pc_smoke_standing_2m_01,C:\Users\UBESC\Desktop\Combined MMwave and RGB\mmwave_pose_ui_4ec2b00\logs\pc_smoke_standing_2m_01\mmwave_associated_points.csv,0,1091,1122,32,"(32, 64, 8)","(32, 12)","(10,)","(32, 5)",FAR,0.0,0.0,STANDING,STANDING,session_name_heuristic
35,pc_smoke_standing_2m_01,C:\Users\UBESC\Desktop\Combined MMwave and RGB\mmwave_pose_ui_4ec2b00\logs\pc_smoke_standing_2m_01\mmwave_associated_points.csv,0,1107,1138,32,"(32, 64, 8)","(32, 12)","(10,)","(32, 5)",FAR,0.3125,0.1562,STANDING,STANDING,session_name_heuristic
36,pc_smoke_standing_2m_01,C:\Users\UBESC\Desktop\Combined MMwave and RGB\mmwave_pose_ui_4ec2b00\logs\pc_smoke_standing_2m_01\mmwave_associated_points.csv,0,1123,1154,32,"(32, 64, 8)","(32, 12)","(10,)","(32, 5)",NEAR,0.3125,0.1562,STANDING,STANDING,session_name_heuristic
37,pc_smoke_standing_2m_01,C:\Users\UBESC\Desktop\Combined MMwave and RGB\mmwave_pose_ui_4ec2b00\logs\pc_smoke_standing_2m_01\mmwave_associated_points.csv,0,1139,1170,32,"(32, 64, 8)","(32, 12)","(10,)","(32, 5)",NEAR,0.0,0.0,STANDING,STANDING,session_name_heuristic
38,pc_smoke_standing_2m_01,C:\Users\UBESC\Desktop\Combined MMwave and RGB\mmwave_pose_ui_4ec2b00\logs\pc_smoke_standing_2m_01\mmwave_associated_points.csv,0,1155,1186,32,"(32, 64, 8)","(32, 12)","(10,)","(32, 5)",NEAR,0.0,0.0,STANDING,STANDING,session_name_heuristic
39,pc_smoke_standing_2m_01,C:\Users\UBESC\Desktop\Combined MMwave and RGB\mmwave_pose_ui_4ec2b00\logs\pc_smoke_standing_2m_01\mmwave_associated_points.csv,0,1171,1202,32,"(32, 64, 8)","(32, 12)","(10,)","(32, 5)",NEAR,0.0,0.0,STANDING,STANDING,session_name_heuristic
40,pc_smoke_standing_2m_01,C:\Users\UBESC\Desktop\Combined MMwave and RGB\mmwave_pose_ui_4ec2b00\logs\pc_smoke_standing_2m_01\mmwave_associated_points.csv,0,1187,1218,32,"(32, 64, 8)","(32, 12)","(10,)","(32, 5)",NEAR,0.125,0.0938,STANDING,STANDING,session_name_heuristic
41,pc_smoke_standing_2m_01,C:\Users\UBESC\Desktop\Combined MMwave and RGB\mmwave_pose_ui_4ec2b00\logs\pc_smoke_standing_2m_01\mmwave_associated_points.csv,0,1203,1234,32,"(32, 64, 8)","(32, 12)","(10,)","(32, 5)",NEAR,0.125,0.0938,STANDING,STANDING,session_name_heuristic
42,pc_smoke_standing_2m_01,C:\Users\UBESC\Desktop\Combined MMwave and RGB\mmwave_pose_ui_4ec2b00\logs\pc_smoke_standing_2m_01\mmwave_associated_points.csv,0,1219,1250,32,"(32, 64, 8)","(32, 12)","(10,)","(32, 5)",NEAR,2.2188,0.4062,STANDING,STANDING,session_name_heuristic
43,pc_smoke_standing_2m_01,C:\Users\UBESC\Desktop\Combined MMwave and RGB\mmwave_pose_ui_4ec2b00\logs\pc_smoke_standing_2m_01\mmwave_associated_points.csv,0,1235,1266,32,"(32, 64, 8)","(32, 12)","(10,)","(32, 5)",FAR,5.0938,0.9062,STANDING,STANDING,session_name_heuristic
44,pc_smoke_standing_2m_01,C:\Users\UBESC\Desktop\Combined MMwave and RGB\mmwave_pose_ui_4ec2b00\logs\pc_smoke_standing_2m_01\mmwave_associated_points.csv,0,1251,1282,32,"(32, 64, 8)","(32, 12)","(10,)","(32, 5)",FAR,6.6875,1.0,STANDING,STANDING,session_name_heuristic
45,pc_smoke_standing_2m_01,C:\Users\UBESC\Desktop\Combined MMwave and RGB\mmwave_pose_ui_4ec2b00\logs\pc_smoke_standing_2m_01\mmwave_associated_points.csv,0,1267,1298,32,"(32, 64, 8)","(32, 12)","(10,)","(32, 5)",FAR,6.0,1.0,STANDING,STANDING,session_name_heuristic
46,pc_smoke_standing_2m_01,C:\Users\UBESC\Desktop\Combined MMwave and RGB\mmwave_pose_ui_4ec2b00\logs\pc_smoke_standing_2m_01\mmwave_associated_points.csv,0,1283,1314,32,"(32, 64, 8)","(32, 12)","(10,)","(32, 5)",FAR,2.9062,0.7812,STANDING,STANDING,session_name_heuristic
47,pc_smoke_standing_2m_01,C:\Users\UBESC\Desktop\Combined MMwave and RGB\mmwave_pose_ui_4ec2b00\logs\pc_smoke_standing_2m_01\mmwave_associated_points.csv,0,1299,1330,32,"(32, 64, 8)","(32, 12)","(10,)","(32, 5)",FAR,1.5312,0.5625,STANDING,STANDING,session_name_heuristic
48,pc_smoke_standing_2m_01,C:\Users\UBESC\Desktop\Combined MMwave and RGB\mmwave_pose_ui_4ec2b00\logs\pc_smoke_standing_2m_01\mmwave_associated_points.csv,0,1315,1346,32,"(32, 64, 8)","(32, 12)","(10,)","(32, 5)",FAR,1.875,0.7188,STANDING,STANDING,session_name_heuristic
49,pc_smoke_standing_2m_01,C:\Users\UBESC\Desktop\Combined MMwave and RGB\mmwave_pose_ui_4ec2b00\logs\pc_smoke_standing_2m_01\mmwave_associated_points.csv,0,1331,1362,32,"(32, 64, 8)","(32, 12)","(10,)","(32, 5)",FAR,3.0938,0.9375,STANDING,STANDING,session_name_heuristic
50,pc_smoke_standing_2m_01,C:\Users\UBESC\Desktop\Combined MMwave and RGB\mmwave_pose_ui_4ec2b00\logs\pc_smoke_standing_2m_01\mmwave_associated_points.csv,0,1347,1378,32,"(32, 64, 8)","(32, 12)","(10,)","(32, 5)",FAR,4.0938,1.0,STANDING,STANDING,session_name_heuristic
51,pc_smoke_standing_2m_01,C:\Users\UBESC\Desktop\Combined MMwave and RGB\mmwave_pose_ui_4ec2b00\logs\pc_smoke_standing_2m_01\mmwave_associated_points.csv,0,1363,1394,32,"(32, 64, 8)","(32, 12)","(10,)","(32, 5)",FAR,2.9375,0.875,STANDING,STANDING,session_name_heuristic
52,pc_smoke_standing_2m_01,C:\Users\UBESC\Desktop\Combined MMwave and RGB\mmwave_pose_ui_4ec2b00\logs\pc_smoke_standing_2m_01\mmwave_associated_points.csv,0,1379,1410,32,"(32, 64, 8)","(32, 12)","(10,)","(32, 5)",FAR,1.0312,0.4688,STANDING,STANDING,session_name_heuristic
53,pc_smoke_standing_2m_01,C:\Users\UBESC\Desktop\Combined MMwave and RGB\mmwave_pose_ui_4ec2b00\logs\pc_smoke_standing_2m_01\mmwave_associated_points.csv,0,1395,1426,32,"(32, 64, 8)","(32, 12)","(10,)","(32, 5)",FAR,1.7812,0.5,STANDING,STANDING,session_name_heuristic
54,pc_smoke_standing_2m_01,C:\Users\UBESC\Desktop\Combined MMwave and RGB\mmwave_pose_ui_4ec2b00\logs\pc_smoke_standing_2m_01\mmwave_associated_points.csv,0,1411,1442,32,"(32, 64, 8)","(32, 12)","(10,)","(32, 5)",FAR,7.375,0.9062,STANDING,STANDING,session_name_heuristic
55,pc_smoke_standing_2m_01,C:\Users\UBESC\Desktop\Combined MMwave and RGB\mmwave_pose_ui_4ec2b00\logs\pc_smoke_standing_2m_01\mmwave_associated_points.csv,0,1427,1458,32,"(32, 64, 8)","(32, 12)","(10,)","(32, 5)",FAR,20.3125,1.0,STANDING,STANDING,session_name_heuristic
56,pc_smoke_standing_2m_01,C:\Users\UBESC\Desktop\Combined MMwave and RGB\mmwave_pose_ui_4ec2b00\logs\pc_smoke_standing_2m_01\mmwave_associated_points.csv,0,1443,1474,32,"(32, 64, 8)","(32, 12)","(10,)","(32, 5)",NEAR,31.2188,1.0,STANDING,STANDING,session_name_heuristic
57,pc_smoke_standing_2m_01,C:\Users\UBESC\Desktop\Combined MMwave and RGB\mmwave_pose_ui_4ec2b00\logs\pc_smoke_standing_2m_01\mmwave_associated_points.csv,0,1459,1490,32,"(32, 64, 8)","(32, 12)","(10,)","(32, 5)",NEAR,35.625,1.0,STANDING,STANDING,session_name_heuristic
58,pc_smoke_standing_2m_01,C:\Users\UBESC\Desktop\Combined MMwave and RGB\mmwave_pose_ui_4ec2b00\logs\pc_smoke_standing_2m_01\mmwave_associated_points.csv,0,1475,1509,32,"(32, 64, 8)","(32, 12)","(10,)","(32, 5)",NEAR,32.0312,1.0,STANDING,STANDING,session_name_heuristic
59,pc_smoke_standing_2m_01,C:\Users\UBESC\Desktop\Combined MMwave and RGB\mmwave_pose_ui_4ec2b00\logs\pc_smoke_standing_2m_01\mmwave_associated_points.csv,0,1491,1525,32,"(32, 64, 8)","(32, 12)","(10,)","(32, 5)",NEAR,15.9688,0.9375,STANDING,STANDING,session_name_heuristic
60,pc_smoke_standing_2m_01,C:\Users\UBESC\Desktop\Combined MMwave and RGB\mmwave_pose_ui_4ec2b00\logs\pc_smoke_standing_2m_01\mmwave_associated_points.csv,0,1510,1541,32,"(32, 64, 8)","(32, 12)","(10,)","(32, 5)",NEAR,3.8125,0.75,STANDING,STANDING,session_name_heuristic
61,pc_smoke_standing_2m_01,C:\Users\UBESC\Desktop\Combined MMwave and RGB\mmwave_pose_ui_4ec2b00\logs\pc_smoke_standing_2m_01\mmwave_associated_points.csv,1,1554,1585,32,"(32, 64, 8)","(32, 12)","(10,)","(32, 5)",NEAR,12.5,1.0,STANDING,STANDING,session_name_heuristic
62,pc_smoke_standing_2m_01,C:\Users\UBESC\Desktop\Combined MMwave and RGB\mmwave_pose_ui_4ec2b00\logs\pc_smoke_standing_2m_01\mmwave_associated_points.csv,1,1570,1601,32,"(32, 64, 8)","(32, 12)","(10,)","(32, 5)",NEAR,21.5625,1.0,STANDING,STANDING,session_name_heuristic
63,pc_smoke_standing_2m_01,C:\Users\UBESC\Desktop\Combined MMwave and RGB\mmwave_pose_ui_4ec2b00\logs\pc_smoke_standing_2m_01\mmwave_associated_points.csv,1,1586,1617,32,"(32, 64, 8)","(32, 12)","(10,)","(32, 5)",NEAR,19.1562,1.0,STANDING,STANDING,session_name_heuristic
64,pc_smoke_standing_2m_01,C:\Users\UBESC\Desktop\Combined MMwave and RGB\mmwave_pose_ui_4ec2b00\logs\pc_smoke_standing_2m_01\mmwave_associated_points.csv,1,1602,1633,32,"(32, 64, 8)","(32, 12)","(10,)","(32, 5)",NEAR,10.5938,1.0,STANDING,STANDING,session_name_heuristic
65,pc_smoke_standing_2m_01,C:\Users\UBESC\Desktop\Combined MMwave and RGB\mmwave_pose_ui_4ec2b00\logs\pc_smoke_standing_2m_01\mmwave_associated_points.csv,1,1618,1649,32,"(32, 64, 8)","(32, 12)","(10,)","(32, 5)",NEAR,8.9688,1.0,STANDING,STANDING,session_name_heuristic
66,pc_smoke_standing_2m_01,C:\Users\UBESC\Desktop\Combined MMwave and RGB\mmwave_pose_ui_4ec2b00\logs\pc_smoke_standing_2m_01\mmwave_associated_points.csv,1,1634,1665,32,"(32, 64, 8)","(32, 12)","(10,)","(32, 5)",NEAR,6.875,1.0,STANDING,STANDING,session_name_heuristic
67,pc_smoke_standing_2m_01,C:\Users\UBESC\Desktop\Combined MMwave and RGB\mmwave_pose_ui_4ec2b00\logs\pc_smoke_standing_2m_01\mmwave_associated_points.csv,1,1650,1681,32,"(32, 64, 8)","(32, 12)","(10,)","(32, 5)",NEAR,2.8125,0.75,STANDING,STANDING,session_name_heuristic
68,pc_smoke_standing_2m_01,C:\Users\UBESC\Desktop\Combined MMwave and RGB\mmwave_pose_ui_4ec2b00\logs\pc_smoke_standing_2m_01\mmwave_associated_points.csv,1,1666,1697,32,"(32, 64, 8)","(32, 12)","(10,)","(32, 5)",NEAR,0.5625,0.3125,STANDING,STANDING,session_name_heuristic
69,pc_smoke_standing_2m_01,C:\Users\UBESC\Desktop\Combined MMwave and RGB\mmwave_pose_ui_4ec2b00\logs\pc_smoke_standing_2m_01\mmwave_associated_points.csv,1,1682,1713,32,"(32, 64, 8)","(32, 12)","(10,)","(32, 5)",NEAR,0.2188,0.125,STANDING,STANDING,session_name_heuristic
70,pc_smoke_standing_2m_01,C:\Users\UBESC\Desktop\Combined MMwave and RGB\mmwave_pose_ui_4ec2b00\logs\pc_smoke_standing_2m_01\mmwave_associated_points.csv,1,1698,1729,32,"(32, 64, 8)","(32, 12)","(10,)","(32, 5)",NEAR,0.5938,0.25,STANDING,STANDING,session_name_heuristic
71,pc_smoke_standing_2m_01,C:\Users\UBESC\Desktop\Combined MMwave and RGB\mmwave_pose_ui_4ec2b00\logs\pc_smoke_standing_2m_01\mmwave_associated_points.csv,1,1714,1745,32,"(32, 64, 8)","(32, 12)","(10,)","(32, 5)",NEAR,1.6562,0.5312,STANDING,STANDING,session_name_heuristic
72,pc_smoke_standing_2m_01,C:\Users\UBESC\Desktop\Combined MMwave and RGB\mmwave_pose_ui_4ec2b00\logs\pc_smoke_standing_2m_01\mmwave_associated_points.csv,1,1730,1761,32,"(32, 64, 8)","(32, 12)","(10,)","(32, 5)",NEAR,1.2812,0.4062,STANDING,STANDING,session_name_heuristic
73,pc_smoke_standing_2m_01,C:\Users\UBESC\Desktop\Combined MMwave and RGB\mmwave_pose_ui_4ec2b00\logs\pc_smoke_standing_2m_01\mmwave_associated_points.csv,1,1746,1777,32,"(32, 64, 8)","(32, 12)","(10,)","(32, 5)",NEAR,0.4062,0.1875,STANDING,STANDING,session_name_heuristic
74,pc_smoke_standing_2m_01,C:\Users\UBESC\Desktop\Combined MMwave and RGB\mmwave_pose_ui_4ec2b00\logs\pc_smoke_standing_2m_01\mmwave_associated_points.csv,1,1762,1793,32,"(32, 64, 8)","(32, 12)","(10,)","(32, 5)",NEAR,0.4062,0.1562,STANDING,STANDING,session_name_heuristic
75,pc_smoke_standing_2m_01,C:\Users\UBESC\Desktop\Combined MMwave and RGB\mmwave_pose_ui_4ec2b00\logs\pc_smoke_standing_2m_01\mmwave_associated_points.csv,1,1778,1809,32,"(32, 64, 8)","(32, 12)","(10,)","(32, 5)",NEAR,1.4375,0.4062,STANDING,STANDING,session_name_heuristic
76,pc_smoke_standing_2m_01,C:\Users\UBESC\Desktop\Combined MMwave and RGB\mmwave_pose_ui_4ec2b00\logs\pc_smoke_standing_2m_01\mmwave_associated_points.csv,1,1794,1825,32,"(32, 64, 8)","(32, 12)","(10,)","(32, 5)",NEAR,3.7812,0.8438,STANDING,STANDING,session_name_heuristic
77,pc_smoke_standing_2m_01,C:\Users\UBESC\Desktop\Combined MMwave and RGB\mmwave_pose_ui_4ec2b00\logs\pc_smoke_standing_2m_01\mmwave_associated_points.csv,1,1810,1841,32,"(32, 64, 8)","(32, 12)","(10,)","(32, 5)",NEAR,5.5938,0.9688,STANDING,STANDING,session_name_heuristic
78,pc_smoke_standing_2m_01,C:\Users\UBESC\Desktop\Combined MMwave and RGB\mmwave_pose_ui_4ec2b00\logs\pc_smoke_standing_2m_01\mmwave_associated_points.csv,1,1826,1857,32,"(32, 64, 8)","(32, 12)","(10,)","(32, 5)",NEAR,5.5,1.0,STANDING,STANDING,session_name_heuristic
79,pc_smoke_standing_2m_01,C:\Users\UBESC\Desktop\Combined MMwave and RGB\mmwave_pose_ui_4ec2b00\logs\pc_smoke_standing_2m_01\mmwave_associated_points.csv,1,1842,1873,32,"(32, 64, 8)","(32, 12)","(10,)","(32, 5)",NEAR,2.5938,0.6562,STANDING,STANDING,session_name_heuristic
80,pc_smoke_standing_2m_01,C:\Users\UBESC\Desktop\Combined MMwave and RGB\mmwave_pose_ui_4ec2b00\logs\pc_smoke_standing_2m_01\mmwave_associated_points.csv,1,1858,1889,32,"(32, 64, 8)","(32, 12)","(10,)","(32, 5)",NEAR,0.25,0.1562,STANDING,STANDING,session_name_heuristic
81,pc_smoke_standing_2m_01,C:\Users\UBESC\Desktop\Combined MMwave and RGB\mmwave_pose_ui_4ec2b00\logs\pc_smoke_standing_2m_01\mmwave_associated_points.csv,1,1874,1905,32,"(32, 64, 8)","(32, 12)","(10,)","(32, 5)",NEAR,0.0938,0.0625,STANDING,STANDING,session_name_heuristic
82,pc_smoke_standing_2m_01,C:\Users\UBESC\Desktop\Combined MMwave and RGB\mmwave_pose_ui_4ec2b00\logs\pc_smoke_standing_2m_01\mmwave_associated_points.csv,1,1890,1921,32,"(32, 64, 8)","(32, 12)","(10,)","(32, 5)",NEAR,0.1562,0.0938,STANDING,STANDING,session_name_heuristic
83,pc_smoke_standing_2m_01,C:\Users\UBESC\Desktop\Combined MMwave and RGB\mmwave_pose_ui_4ec2b00\logs\pc_smoke_standing_2m_01\mmwave_associated_points.csv,1,1906,1937,32,"(32, 64, 8)","(32, 12)","(10,)","(32, 5)",NEAR,0.4062,0.1562,STANDING,STANDING,session_name_heuristic
84,pc_smoke_standing_2m_01,C:\Users\UBESC\Desktop\Combined MMwave and RGB\mmwave_pose_ui_4ec2b00\logs\pc_smoke_standing_2m_01\mmwave_associated_points.csv,1,1922,1953,32,"(32, 64, 8)","(32, 12)","(10,)","(32, 5)",NEAR,0.4375,0.1875,STANDING,STANDING,session_name_heuristic
85,pc_smoke_standing_2m_01,C:\Users\UBESC\Desktop\Combined MMwave and RGB\mmwave_pose_ui_4ec2b00\logs\pc_smoke_standing_2m_01\mmwave_associated_points.csv,1,1938,1969,32,"(32, 64, 8)","(32, 12)","(10,)","(32, 5)",NEAR,2.5938,0.5312,STANDING,STANDING,session_name_heuristic
86,pc_smoke_standing_2m_01,C:\Users\UBESC\Desktop\Combined MMwave and RGB\mmwave_pose_ui_4ec2b00\logs\pc_smoke_standing_2m_01\mmwave_associated_points.csv,1,1954,1985,32,"(32, 64, 8)","(32, 12)","(10,)","(32, 5)",NEAR,6.125,0.9688,STANDING,STANDING,session_name_heuristic
87,pc_smoke_standing_2m_01,C:\Users\UBESC\Desktop\Combined MMwave and RGB\mmwave_pose_ui_4ec2b00\logs\pc_smoke_standing_2m_01\mmwave_associated_points.csv,1,1970,2001,32,"(32, 64, 8)","(32, 12)","(10,)","(32, 5)",NEAR,8.2188,1.0,STANDING,STANDING,session_name_heuristic
88,pc_smoke_standing_2m_01,C:\Users\UBESC\Desktop\Combined MMwave and RGB\mmwave_pose_ui_4ec2b00\logs\pc_smoke_standing_2m_01\mmwave_associated_points.csv,1,1986,2017,32,"(32, 64, 8)","(32, 12)","(10,)","(32, 5)",NEAR,8.875,1.0,STANDING,STANDING,session_name_heuristic
89,pc_smoke_standing_2m_01,C:\Users\UBESC\Desktop\Combined MMwave and RGB\mmwave_pose_ui_4ec2b00\logs\pc_smoke_standing_2m_01\mmwave_associated_points.csv,1,2002,2033,32,"(32, 64, 8)","(32, 12)","(10,)","(32, 5)",NEAR,7.6875,1.0,STANDING,STANDING,session_name_heuristic
90,pc_smoke_standing_2m_01,C:\Users\UBESC\Desktop\Combined MMwave and RGB\mmwave_pose_ui_4ec2b00\logs\pc_smoke_standing_2m_01\mmwave_associated_points.csv,1,2018,2049,32,"(32, 64, 8)","(32, 12)","(10,)","(32, 5)",NEAR,4.375,0.8438,STANDING,STANDING,session_name_heuristic
91,pc_smoke_standing_2m_01,C:\Users\UBESC\Desktop\Combined MMwave and RGB\mmwave_pose_ui_4ec2b00\logs\pc_smoke_standing_2m_01\mmwave_associated_points.csv,1,2034,2065,32,"(32, 64, 8)","(32, 12)","(10,)","(32, 5)",NEAR,0.9688,0.3438,STANDING,STANDING,session_name_heuristic
92,pc_smoke_standing_2m_01,C:\Users\UBESC\Desktop\Combined MMwave and RGB\mmwave_pose_ui_4ec2b00\logs\pc_smoke_standing_2m_01\mmwave_associated_points.csv,1,2050,2081,32,"(32, 64, 8)","(32, 12)","(10,)","(32, 5)",NEAR,0.0,0.0,STANDING,STANDING,session_name_heuristic
93,pc_smoke_standing_2m_01,C:\Users\UBESC\Desktop\Combined MMwave and RGB\mmwave_pose_ui_4ec2b00\logs\pc_smoke_standing_2m_01\mmwave_associated_points.csv,1,2066,2097,32,"(32, 64, 8)","(32, 12)","(10,)","(32, 5)",NEAR,0.0,0.0,STANDING,STANDING,session_name_heuristic
94,pc_smoke_standing_2m_01,C:\Users\UBESC\Desktop\Combined MMwave and RGB\mmwave_pose_ui_4ec2b00\logs\pc_smoke_standing_2m_01\mmwave_associated_points.csv,1,2082,2113,32,"(32, 64, 8)","(32, 12)","(10,)","(32, 5)",NEAR,0.0312,0.0312,STANDING,STANDING,session_name_heuristic
95,pc_smoke_standing_2m_01,C:\Users\UBESC\Desktop\Combined MMwave and RGB\mmwave_pose_ui_4ec2b00\logs\pc_smoke_standing_2m_01\mmwave_associated_points.csv,1,2098,2129,32,"(32, 64, 8)","(32, 12)","(10,)","(32, 5)",NEAR,0.0312,0.0312,STANDING,STANDING,session_name_heuristic
96,pc_smoke_standing_2m_01,C:\Users\UBESC\Desktop\Combined MMwave and RGB\mmwave_pose_ui_4ec2b00\logs\pc_smoke_standing_2m_01\mmwave_associated_points.csv,1,2114,2145,32,"(32, 64, 8)","(32, 12)","(10,)","(32, 5)",NEAR,0.0,0.0,STANDING,STANDING,session_name_heuristic
97,pc_smoke_standing_2m_01,C:\Users\UBESC\Desktop\Combined MMwave and RGB\mmwave_pose_ui_4ec2b00\logs\pc_smoke_standing_2m_01\mmwave_associated_points.csv,1,2130,2161,32,"(32, 64, 8)","(32, 12)","(10,)","(32, 5)",NEAR,0.4688,0.125,STANDING,STANDING,session_name_heuristic
98,pc_smoke_standing_2m_01,C:\Users\UBESC\Desktop\Combined MMwave and RGB\mmwave_pose_ui_4ec2b00\logs\pc_smoke_standing_2m_01\mmwave_associated_points.csv,1,2146,2177,32,"(32, 64, 8)","(32, 12)","(10,)","(32, 5)",NEAR,4.0,0.625,STANDING,STANDING,session_name_heuristic
99,pc_smoke_standing_2m_01,C:\Users\UBESC\Desktop\Combined MMwave and RGB\mmwave_pose_ui_4ec2b00\logs\pc_smoke_standing_2m_01\mmwave_associated_points.csv,1,2162,2193,32,"(32, 64, 8)","(32, 12)","(10,)","(32, 5)",NEAR,6.4062,1.0,STANDING,STANDING,session_name_heuristic
100,pc_smoke_standing_2m_01,C:\Users\UBESC\Desktop\Combined MMwave and RGB\mmwave_pose_ui_4ec2b00\logs\pc_smoke_standing_2m_01\mmwave_associated_points.csv,1,2178,2209,32,"(32, 64, 8)","(32, 12)","(10,)","(32, 5)",NEAR,5.2188,0.9375,STANDING,STANDING,session_name_heuristic
101,pc_smoke_standing_2m_01,C:\Users\UBESC\Desktop\Combined MMwave and RGB\mmwave_pose_ui_4ec2b00\logs\pc_smoke_standing_2m_01\mmwave_associated_points.csv,1,2194,2225,32,"(32, 64, 8)","(32, 12)","(10,)","(32, 5)",FAR,4.5,0.9375,STANDING,STANDING,session_name_heuristic
102,pc_smoke_standing_2m_01,C:\Users\UBESC\Desktop\Combined MMwave and RGB\mmwave_pose_ui_4ec2b00\logs\pc_smoke_standing_2m_01\mmwave_associated_points.csv,1,2210,2241,32,"(32, 64, 8)","(32, 12)","(10,)","(32, 5)",FAR,3.8438,1.0,STANDING,STANDING,session_name_heuristic
103,pc_smoke_standing_2m_01,C:\Users\UBESC\Desktop\Combined MMwave and RGB\mmwave_pose_ui_4ec2b00\logs\pc_smoke_standing_2m_01\mmwave_associated_points.csv,1,2226,2257,32,"(32, 64, 8)","(32, 12)","(10,)","(32, 5)",FAR,1.9375,0.6875,STANDING,STANDING,session_name_heuristic
104,pc_smoke_standing_2m_01,C:\Users\UBESC\Desktop\Combined MMwave and RGB\mmwave_pose_ui_4ec2b00\logs\pc_smoke_standing_2m_01\mmwave_associated_points.csv,1,2242,2273,32,"(32, 64, 8)","(32, 12)","(10,)","(32, 5)",FAR,0.25,0.1875,STANDING,STANDING,session_name_heuristic
105,pc_smoke_standing_2m_01,C:\Users\UBESC\Desktop\Combined MMwave and RGB\mmwave_pose_ui_4ec2b00\logs\pc_smoke_standing_2m_01\mmwave_associated_points.csv,1,2258,2289,32,"(32, 64, 8)","(32, 12)","(10,)","(32, 5)",FAR,0.0,0.0,STANDING,STANDING,session_name_heuristic
106,pc_smoke_standing_2m_01,C:\Users\UBESC\Desktop\Combined MMwave and RGB\mmwave_pose_ui_4ec2b00\logs\pc_smoke_standing_2m_01\mmwave_associated_points.csv,1,2274,2305,32,"(32, 64, 8)","(32, 12)","(10,)","(32, 5)",FAR,0.0,0.0,STANDING,STANDING,session_name_heuristic
107,pc_smoke_standing_2m_01,C:\Users\UBESC\Desktop\Combined MMwave and RGB\mmwave_pose_ui_4ec2b00\logs\pc_smoke_standing_2m_01\mmwave_associated_points.csv,1,2290,2321,32,"(32, 64, 8)","(32, 12)","(10,)","(32, 5)",FAR,0.0,0.0,STANDING,STANDING,session_name_heuristic
108,pc_smoke_standing_2m_01,C:\Users\UBESC\Desktop\Combined MMwave and RGB\mmwave_pose_ui_4ec2b00\logs\pc_smoke_standing_2m_01\mmwave_associated_points.csv,1,2306,2337,32,"(32, 64, 8)","(32, 12)","(10,)","(32, 5)",FAR,0.0,0.0,STANDING,STANDING,session_name_heuristic
109,pc_smoke_standing_2m_01,C:\Users\UBESC\Desktop\Combined MMwave and RGB\mmwave_pose_ui_4ec2b00\logs\pc_smoke_standing_2m_01\mmwave_associated_points.csv,1,2322,2353,32,"(32, 64, 8)","(32, 12)","(10,)","(32, 5)",FAR,0.0,0.0,STANDING,STANDING,session_name_heuristic
110,pc_smoke_standing_2m_01,C:\Users\UBESC\Desktop\Combined MMwave and RGB\mmwave_pose_ui_4ec2b00\logs\pc_smoke_standing_2m_01\mmwave_associated_points.csv,1,2338,2369,32,"(32, 64, 8)","(32, 12)","(10,)","(32, 5)",FAR,1.7812,0.375,STANDING,STANDING,session_name_heuristic
111,pc_smoke_standing_2m_01,C:\Users\UBESC\Desktop\Combined MMwave and RGB\mmwave_pose_ui_4ec2b00\logs\pc_smoke_standing_2m_01\mmwave_associated_points.csv,1,2354,2385,32,"(32, 64, 8)","(32, 12)","(10,)","(32, 5)",FAR,4.3438,0.875,STANDING,STANDING,session_name_heuristic
112,pc_smoke_standing_2m_01,C:\Users\UBESC\Desktop\Combined MMwave and RGB\mmwave_pose_ui_4ec2b00\logs\pc_smoke_standing_2m_01\mmwave_associated_points.csv,1,2370,2401,32,"(32, 64, 8)","(32, 12)","(10,)","(32, 5)",FAR,3.8125,0.8438,STANDING,STANDING,session_name_heuristic
113,pc_smoke_standing_2m_01,C:\Users\UBESC\Desktop\Combined MMwave and RGB\mmwave_pose_ui_4ec2b00\logs\pc_smoke_standing_2m_01\mmwave_associated_points.csv,1,2386,2417,32,"(32, 64, 8)","(32, 12)","(10,)","(32, 5)",FAR,2.5625,0.75,STANDING,STANDING,session_name_heuristic
114,pc_smoke_standing_2m_01,C:\Users\UBESC\Desktop\Combined MMwave and RGB\mmwave_pose_ui_4ec2b00\logs\pc_smoke_standing_2m_01\mmwave_associated_points.csv,1,2402,2433,32,"(32, 64, 8)","(32, 12)","(10,)","(32, 5)",FAR,1.4688,0.5,STANDING,STANDING,session_name_heuristic
115,pc_smoke_standing_2m_01,C:\Users\UBESC\Desktop\Combined MMwave and RGB\mmwave_pose_ui_4ec2b00\logs\pc_smoke_standing_2m_01\mmwave_associated_points.csv,1,2418,2449,32,"(32, 64, 8)","(32, 12)","(10,)","(32, 5)",FAR,0.1562,0.0938,STANDING,STANDING,session_name_heuristic
116,pc_smoke_standing_2m_01,C:\Users\UBESC\Desktop\Combined MMwave and RGB\mmwave_pose_ui_4ec2b00\logs\pc_smoke_standing_2m_01\mmwave_associated_points.csv,1,2434,2465,32,"(32, 64, 8)","(32, 12)","(10,)","(32, 5)",FAR,0.0,0.0,STANDING,STANDING,session_name_heuristic
117,pc_smoke_standing_2m_01,C:\Users\UBESC\Desktop\Combined MMwave and RGB\mmwave_pose_ui_4ec2b00\logs\pc_smoke_standing_2m_01\mmwave_associated_points.csv,1,2450,2481,32,"(32, 64, 8)","(32, 12)","(10,)","(32, 5)",FAR,0.1875,0.125,STANDING,STANDING,session_name_heuristic
118,pc_smoke_standing_2m_01,C:\Users\UBESC\Desktop\Combined MMwave and RGB\mmwave_pose_ui_4ec2b00\logs\pc_smoke_standing_2m_01\mmwave_associated_points.csv,1,2466,2497,32,"(32, 64, 8)","(32, 12)","(10,)","(32, 5)",FAR,0.75,0.4062,STANDING,STANDING,session_name_heuristic
119,pc_smoke_standing_2m_01,C:\Users\UBESC\Desktop\Combined MMwave and RGB\mmwave_pose_ui_4ec2b00\logs\pc_smoke_standing_2m_01\mmwave_associated_points.csv,1,2482,2513,32,"(32, 64, 8)","(32, 12)","(10,)","(32, 5)",FAR,1.3438,0.5625,STANDING,STANDING,session_name_heuristic
120,pc_smoke_standing_2m_01,C:\Users\UBESC\Desktop\Combined MMwave and RGB\mmwave_pose_ui_4ec2b00\logs\pc_smoke_standing_2m_01\mmwave_associated_points.csv,1,2498,2529,32,"(32, 64, 8)","(32, 12)","(10,)","(32, 5)",FAR,1.375,0.5625,STANDING,STANDING,session_name_heuristic
121,pc_smoke_standing_2m_01,C:\Users\UBESC\Desktop\Combined MMwave and RGB\mmwave_pose_ui_4ec2b00\logs\pc_smoke_standing_2m_01\mmwave_associated_points.csv,1,2514,2545,32,"(32, 64, 8)","(32, 12)","(10,)","(32, 5)",FAR,0.7812,0.3438,STANDING,STANDING,session_name_heuristic
122,pc_smoke_standing_2m_01,C:\Users\UBESC\Desktop\Combined MMwave and RGB\mmwave_pose_ui_4ec2b00\logs\pc_smoke_standing_2m_01\mmwave_associated_points.csv,1,2530,2561,32,"(32, 64, 8)","(32, 12)","(10,)","(32, 5)",FAR,0.1875,0.0625,STANDING,STANDING,session_name_heuristic
123,pc_smoke_standing_2m_01,C:\Users\UBESC\Desktop\Combined MMwave and RGB\mmwave_pose_ui_4ec2b00\logs\pc_smoke_standing_2m_01\mmwave_associated_points.csv,1,2546,2577,32,"(32, 64, 8)","(32, 12)","(10,)","(32, 5)",FAR,0.0,0.0,STANDING,STANDING,session_name_heuristic
124,pc_smoke_standing_2m_01,C:\Users\UBESC\Desktop\Combined MMwave and RGB\mmwave_pose_ui_4ec2b00\logs\pc_smoke_standing_2m_01\mmwave_associated_points.csv,1,2562,2593,32,"(32, 64, 8)","(32, 12)","(10,)","(32, 5)",FAR,0.0,0.0,STANDING,STANDING,session_name_heuristic
125,pc_smoke_standing_2m_01,C:\Users\UBESC\Desktop\Combined MMwave and RGB\mmwave_pose_ui_4ec2b00\logs\pc_smoke_standing_2m_01\mmwave_associated_points.csv,1,2578,2609,32,"(32, 64, 8)","(32, 12)","(10,)","(32, 5)",FAR,0.0,0.0,STANDING,STANDING,session_name_heuristic
126,pc_smoke_standing_2m_01,C:\Users\UBESC\Desktop\Combined MMwave and RGB\mmwave_pose_ui_4ec2b00\logs\pc_smoke_standing_2m_01\mmwave_associated_points.csv,1,2594,2625,32,"(32, 64, 8)","(32, 12)","(10,)","(32, 5)",FAR,0.0,0.0,STANDING,STANDING,session_name_heuristic
127,pc_smoke_standing_2m_01,C:\Users\UBESC\Desktop\Combined MMwave and RGB\mmwave_pose_ui_4ec2b00\logs\pc_smoke_standing_2m_01\mmwave_associated_points.csv,1,2610,2641,32,"(32, 64, 8)","(32, 12)","(10,)","(32, 5)",FAR,0.0,0.0,STANDING,STANDING,session_name_heuristic
128,pc_smoke_standing_2m_01,C:\Users\UBESC\Desktop\Combined MMwave and RGB\mmwave_pose_ui_4ec2b00\logs\pc_smoke_standing_2m_01\mmwave_associated_points.csv,1,2626,2657,32,"(32, 64, 8)","(32, 12)","(10,)","(32, 5)",FAR,0.0,0.0,STANDING,STANDING,session_name_heuristic
129,pc_smoke_standing_2m_01,C:\Users\UBESC\Desktop\Combined MMwave and RGB\mmwave_pose_ui_4ec2b00\logs\pc_smoke_standing_2m_01\mmwave_associated_points.csv,1,2642,2673,32,"(32, 64, 8)","(32, 12)","(10,)","(32, 5)",FAR,0.0,0.0,STANDING,STANDING,session_name_heuristic
130,pc_smoke_standing_2m_01,C:\Users\UBESC\Desktop\Combined MMwave and RGB\mmwave_pose_ui_4ec2b00\logs\pc_smoke_standing_2m_01\mmwave_associated_points.csv,1,2658,2689,32,"(32, 64, 8)","(32, 12)","(10,)","(32, 5)",FAR,0.0,0.0,STANDING,STANDING,session_name_heuristic
131,pc_smoke_standing_2m_01,C:\Users\UBESC\Desktop\Combined MMwave and RGB\mmwave_pose_ui_4ec2b00\logs\pc_smoke_standing_2m_01\mmwave_associated_points.csv,1,2674,2705,32,"(32, 64, 8)","(32, 12)","(10,)","(32, 5)",FAR,0.0,0.0,STANDING,STANDING,session_name_heuristic
132,pc_smoke_standing_2m_01,C:\Users\UBESC\Desktop\Combined MMwave and RGB\mmwave_pose_ui_4ec2b00\logs\pc_smoke_standing_2m_01\mmwave_associated_points.csv,1,2690,2721,32,"(32, 64, 8)","(32, 12)","(10,)","(32, 5)",FAR,0.0625,0.0312,STANDING,STANDING,session_name_heuristic
133,pc_smoke_standing_2m_01,C:\Users\UBESC\Desktop\Combined MMwave and RGB\mmwave_pose_ui_4ec2b00\logs\pc_smoke_standing_2m_01\mmwave_associated_points.csv,1,2706,2737,32,"(32, 64, 8)","(32, 12)","(10,)","(32, 5)",FAR,1.8125,0.5,STANDING,STANDING,session_name_heuristic
134,pc_smoke_standing_2m_01,C:\Users\UBESC\Desktop\Combined MMwave and RGB\mmwave_pose_ui_4ec2b00\logs\pc_smoke_standing_2m_01\mmwave_associated_points.csv,1,2722,2753,32,"(32, 64, 8)","(32, 12)","(10,)","(32, 5)",FAR,2.5625,0.7812,STANDING,STANDING,session_name_heuristic
135,pc_smoke_standing_2m_01,C:\Users\UBESC\Desktop\Combined MMwave and RGB\mmwave_pose_ui_4ec2b00\logs\pc_smoke_standing_2m_01\mmwave_associated_points.csv,1,2738,2769,32,"(32, 64, 8)","(32, 12)","(10,)","(32, 5)",FAR,2.9375,0.8125,STANDING,STANDING,session_name_heuristic
136,pc_smoke_standing_2m_01,C:\Users\UBESC\Desktop\Combined MMwave and RGB\mmwave_pose_ui_4ec2b00\logs\pc_smoke_standing_2m_01\mmwave_associated_points.csv,1,2754,2785,32,"(32, 64, 8)","(32, 12)","(10,)","(32, 5)",FAR,3.1562,0.8438,STANDING,STANDING,session_name_heuristic
137,pc_smoke_standing_2m_01,C:\Users\UBESC\Desktop\Combined MMwave and RGB\mmwave_pose_ui_4ec2b00\logs\pc_smoke_standing_2m_01\mmwave_associated_points.csv,1,2770,2801,32,"(32, 64, 8)","(32, 12)","(10,)","(32, 5)",FAR,1.5625,0.5938,STANDING,STANDING,session_name_heuristic
138,pc_smoke_standing_2m_01,C:\Users\UBESC\Desktop\Combined MMwave and RGB\mmwave_pose_ui_4ec2b00\logs\pc_smoke_standing_2m_01\mmwave_associated_points.csv,1,2786,2817,32,"(32, 64, 8)","(32, 12)","(10,)","(32, 5)",FAR,1.0938,0.4688,STANDING,STANDING,session_name_heuristic
139,pc_smoke_standing_2m_01,C:\Users\UBESC\Desktop\Combined MMwave and RGB\mmwave_pose_ui_4ec2b00\logs\pc_smoke_standing_2m_01\mmwave_associated_points.csv,1,2802,2833,32,"(32, 64, 8)","(32, 12)","(10,)","(32, 5)",FAR,1.0625,0.4375,STANDING,STANDING,session_name_heuristic
140,pc_smoke_standing_2m_01,C:\Users\UBESC\Desktop\Combined MMwave and RGB\mmwave_pose_ui_4ec2b00\logs\pc_smoke_standing_2m_01\mmwave_associated_points.csv,1,2818,2849,32,"(32, 64, 8)","(32, 12)","(10,)","(32, 5)",FAR,0.9062,0.375,STANDING,STANDING,session_name_heuristic
141,pc_smoke_standing_2m_01,C:\Users\UBESC\Desktop\Combined MMwave and RGB\mmwave_pose_ui_4ec2b00\logs\pc_smoke_standing_2m_01\mmwave_associated_points.csv,1,2834,2865,32,"(32, 64, 8)","(32, 12)","(10,)","(32, 5)",FAR,0.4062,0.1562,STANDING,STANDING,session_name_heuristic
142,pc_smoke_standing_2m_01,C:\Users\UBESC\Desktop\Combined MMwave and RGB\mmwave_pose_ui_4ec2b00\logs\pc_smoke_standing_2m_01\mmwave_associated_points.csv,1,2850,2881,32,"(32, 64, 8)","(32, 12)","(10,)","(32, 5)",FAR,0.0,0.0,STANDING,STANDING,session_name_heuristic
143,pc_smoke_standing_2m_01,C:\Users\UBESC\Desktop\Combined MMwave and RGB\mmwave_pose_ui_4ec2b00\logs\pc_smoke_standing_2m_01\mmwave_associated_points.csv,1,2866,2897,32,"(32, 64, 8)","(32, 12)","(10,)","(32, 5)",FAR,0.0,0.0,STANDING,STANDING,session_name_heuristic
144,pc_smoke_standing_2m_01,C:\Users\UBESC\Desktop\Combined MMwave and RGB\mmwave_pose_ui_4ec2b00\logs\pc_smoke_standing_2m_01\mmwave_associated_points.csv,1,2882,2913,32,"(32, 64, 8)","(32, 12)","(10,)","(32, 5)",FAR,0.0,0.0,STANDING,STANDING,session_name_heuristic
145,pc_smoke_standing_2m_01,C:\Users\UBESC\Desktop\Combined MMwave and RGB\mmwave_pose_ui_4ec2b00\logs\pc_smoke_standing_2m_01\mmwave_associated_points.csv,1,2898,2929,32,"(32, 64, 8)","(32, 12)","(10,)","(32, 5)",FAR,0.0,0.0,STANDING,STANDING,session_name_heuristic
146,pc_smoke_standing_2m_01,C:\Users\UBESC\Desktop\Combined MMwave and RGB\mmwave_pose_ui_4ec2b00\logs\pc_smoke_standing_2m_01\mmwave_associated_points.csv,1,2914,2945,32,"(32, 64, 8)","(32, 12)","(10,)","(32, 5)",FAR,0.0,0.0,STANDING,STANDING,session_name_heuristic
147,pc_smoke_standing_2m_01,C:\Users\UBESC\Desktop\Combined MMwave and RGB\mmwave_pose_ui_4ec2b00\logs\pc_smoke_standing_2m_01\mmwave_associated_points.csv,1,2930,2961,32,"(32, 64, 8)","(32, 12)","(10,)","(32, 5)",FAR,0.0,0.0,STANDING,STANDING,session_name_heuristic
148,pc_smoke_standing_2m_01,C:\Users\UBESC\Desktop\Combined MMwave and RGB\mmwave_pose_ui_4ec2b00\logs\pc_smoke_standing_2m_01\mmwave_associated_points.csv,1,2946,2977,32,"(32, 64, 8)","(32, 12)","(10,)","(32, 5)",FAR,0.7812,0.3125,STANDING,STANDING,session_name_heuristic
149,pc_smoke_standing_2m_01,C:\Users\UBESC\Desktop\Combined MMwave and RGB\mmwave_pose_ui_4ec2b00\logs\pc_smoke_standing_2m_01\mmwave_associated_points.csv,1,2962,2993,32,"(32, 64, 8)","(32, 12)","(10,)","(32, 5)",FAR,0.8438,0.375,STANDING,STANDING,session_name_heuristic
150,pc_smoke_standing_2m_01,C:\Users\UBESC\Desktop\Combined MMwave and RGB\mmwave_pose_ui_4ec2b00\logs\pc_smoke_standing_2m_01\mmwave_associated_points.csv,1,2978,3009,32,"(32, 64, 8)","(32, 12)","(10,)","(32, 5)",FAR,0.125,0.125,STANDING,STANDING,session_name_heuristic
151,pc_smoke_standing_2m_01,C:\Users\UBESC\Desktop\Combined MMwave and RGB\mmwave_pose_ui_4ec2b00\logs\pc_smoke_standing_2m_01\mmwave_associated_points.csv,1,2994,3025,32,"(32, 64, 8)","(32, 12)","(10,)","(32, 5)",FAR,0.3438,0.1875,STANDING,STANDING,session_name_heuristic
152,pc_smoke_standing_2m_01,C:\Users\UBESC\Desktop\Combined MMwave and RGB\mmwave_pose_ui_4ec2b00\logs\pc_smoke_standing_2m_01\mmwave_associated_points.csv,1,3010,3041,32,"(32, 64, 8)","(32, 12)","(10,)","(32, 5)",FAR,0.2812,0.125,STANDING,STANDING,session_name_heuristic
153,pc_smoke_standing_2m_01,C:\Users\UBESC\Desktop\Combined MMwave and RGB\mmwave_pose_ui_4ec2b00\logs\pc_smoke_standing_2m_01\mmwave_associated_points.csv,1,3026,3057,32,"(32, 64, 8)","(32, 12)","(10,)","(32, 5)",FAR,0.0,0.0,STANDING,STANDING,session_name_heuristic
154,pc_smoke_standing_2m_01,C:\Users\UBESC\Desktop\Combined MMwave and RGB\mmwave_pose_ui_4ec2b00\logs\pc_smoke_standing_2m_01\mmwave_associated_points.csv,1,3042,3073,32,"(32, 64, 8)","(32, 12)","(10,)","(32, 5)",FAR,0.5,0.25,STANDING,STANDING,session_name_heuristic
155,pc_smoke_standing_2m_01,C:\Users\UBESC\Desktop\Combined MMwave and RGB\mmwave_pose_ui_4ec2b00\logs\pc_smoke_standing_2m_01\mmwave_associated_points.csv,1,3058,3089,32,"(32, 64, 8)","(32, 12)","(10,)","(32, 5)",FAR,1.6562,0.6875,STANDING,STANDING,session_name_heuristic
156,pc_smoke_standing_2m_01,C:\Users\UBESC\Desktop\Combined MMwave and RGB\mmwave_pose_ui_4ec2b00\logs\pc_smoke_standing_2m_01\mmwave_associated_points.csv,1,3074,3105,32,"(32, 64, 8)","(32, 12)","(10,)","(32, 5)",FAR,2.875,0.9375,STANDING,STANDING,session_name_heuristic
157,pc_smoke_standing_2m_01,C:\Users\UBESC\Desktop\Combined MMwave and RGB\mmwave_pose_ui_4ec2b00\logs\pc_smoke_standing_2m_01\mmwave_associated_points.csv,1,3090,3121,32,"(32, 64, 8)","(32, 12)","(10,)","(32, 5)",FAR,2.5312,0.875,STANDING,STANDING,session_name_heuristic
158,pc_smoke_standing_2m_01,C:\Users\UBESC\Desktop\Combined MMwave and RGB\mmwave_pose_ui_4ec2b00\logs\pc_smoke_standing_2m_01\mmwave_associated_points.csv,1,3106,3137,32,"(32, 64, 8)","(32, 12)","(10,)","(32, 5)",EDGE,1.7812,0.75,STANDING,STANDING,session_name_heuristic
159,pc_smoke_standing_2m_01,C:\Users\UBESC\Desktop\Combined MMwave and RGB\mmwave_pose_ui_4ec2b00\logs\pc_smoke_standing_2m_01\mmwave_associated_points.csv,1,3122,3153,32,"(32, 64, 8)","(32, 12)","(10,)","(32, 5)",EDGE,1.0312,0.4062,STANDING,STANDING,session_name_heuristic
160,pc_smoke_standing_2m_01,C:\Users\UBESC\Desktop\Combined MMwave and RGB\mmwave_pose_ui_4ec2b00\logs\pc_smoke_standing_2m_01\mmwave_associated_points.csv,1,3138,3169,32,"(32, 64, 8)","(32, 12)","(10,)","(32, 5)",EDGE,0.0625,0.0312,STANDING,STANDING,session_name_heuristic
161,pc_smoke_standing_2m_01,C:\Users\UBESC\Desktop\Combined MMwave and RGB\mmwave_pose_ui_4ec2b00\logs\pc_smoke_standing_2m_01\mmwave_associated_points.csv,1,3154,3185,32,"(32, 64, 8)","(32, 12)","(10,)","(32, 5)",EDGE,0.0,0.0,STANDING,STANDING,session_name_heuristic
162,pc_smoke_standing_2m_01,C:\Users\UBESC\Desktop\Combined MMwave and RGB\mmwave_pose_ui_4ec2b00\logs\pc_smoke_standing_2m_01\mmwave_associated_points.csv,1,3170,3201,32,"(32, 64, 8)","(32, 12)","(10,)","(32, 5)",EDGE,0.0,0.0,STANDING,STANDING,session_name_heuristic
163,pc_smoke_standing_2m_01,C:\Users\UBESC\Desktop\Combined MMwave and RGB\mmwave_pose_ui_4ec2b00\logs\pc_smoke_standing_2m_01\mmwave_associated_points.csv,1,3186,3217,32,"(32, 64, 8)","(32, 12)","(10,)","(32, 5)",EDGE,0.0,0.0,STANDING,STANDING,session_name_heuristic
164,pc_smoke_standing_2m_01,C:\Users\UBESC\Desktop\Combined MMwave and RGB\mmwave_pose_ui_4ec2b00\logs\pc_smoke_standing_2m_01\mmwave_associated_points.csv,1,3202,3233,32,"(32, 64, 8)","(32, 12)","(10,)","(32, 5)",EDGE,0.0,0.0,STANDING,STANDING,session_name_heuristic
165,pc_smoke_standing_2m_01,C:\Users\UBESC\Desktop\Combined MMwave and RGB\mmwave_pose_ui_4ec2b00\logs\pc_smoke_standing_2m_01\mmwave_associated_points.csv,1,3218,3249,32,"(32, 64, 8)","(32, 12)","(10,)","(32, 5)",EDGE,0.0,0.0,STANDING,STANDING,session_name_heuristic
166,pc_smoke_standing_2m_01,C:\Users\UBESC\Desktop\Combined MMwave and RGB\mmwave_pose_ui_4ec2b00\logs\pc_smoke_standing_2m_01\mmwave_associated_points.csv,1,3234,3265,32,"(32, 64, 8)","(32, 12)","(10,)","(32, 5)",EDGE,0.0,0.0,STANDING,STANDING,session_name_heuristic
167,pc_smoke_standing_2m_01,C:\Users\UBESC\Desktop\Combined MMwave and RGB\mmwave_pose_ui_4ec2b00\logs\pc_smoke_standing_2m_01\mmwave_associated_points.csv,1,3250,3281,32,"(32, 64, 8)","(32, 12)","(10,)","(32, 5)",EDGE,0.0,0.0,STANDING,STANDING,session_name_heuristic
168,pc_smoke_standing_2m_01,C:\Users\UBESC\Desktop\Combined MMwave and RGB\mmwave_pose_ui_4ec2b00\logs\pc_smoke_standing_2m_01\mmwave_associated_points.csv,1,3266,3297,32,"(32, 64, 8)","(32, 12)","(10,)","(32, 5)",EDGE,0.0,0.0,STANDING,STANDING,session_name_heuristic
169,pc_smoke_standing_2m_01,C:\Users\UBESC\Desktop\Combined MMwave and RGB\mmwave_pose_ui_4ec2b00\logs\pc_smoke_standing_2m_01\mmwave_associated_points.csv,1,3282,3313,32,"(32, 64, 8)","(32, 12)","(10,)","(32, 5)",EDGE,0.0,0.0,STANDING,STANDING,session_name_heuristic
170,pc_smoke_standing_2m_01,C:\Users\UBESC\Desktop\Combined MMwave and RGB\mmwave_pose_ui_4ec2b00\logs\pc_smoke_standing_2m_01\mmwave_associated_points.csv,1,3298,3329,32,"(32, 64, 8)","(32, 12)","(10,)","(32, 5)",EDGE,0.0,0.0,STANDING,STANDING,session_name_heuristic
171,pc_smoke_standing_2m_01,C:\Users\UBESC\Desktop\Combined MMwave and RGB\mmwave_pose_ui_4ec2b00\logs\pc_smoke_standing_2m_01\mmwave_associated_points.csv,1,3314,3345,32,"(32, 64, 8)","(32, 12)","(10,)","(32, 5)",EDGE,0.0,0.0,STANDING,STANDING,session_name_heuristic
172,pc_smoke_standing_2m_01,C:\Users\UBESC\Desktop\Combined MMwave and RGB\mmwave_pose_ui_4ec2b00\logs\pc_smoke_standing_2m_01\mmwave_associated_points.csv,1,3330,3361,32,"(32, 64, 8)","(32, 12)","(10,)","(32, 5)",EDGE,0.0,0.0,STANDING,STANDING,session_name_heuristic
173,pc_smoke_standing_2m_01,C:\Users\UBESC\Desktop\Combined MMwave and RGB\mmwave_pose_ui_4ec2b00\logs\pc_smoke_standing_2m_01\mmwave_associated_points.csv,1,3346,3377,32,"(32, 64, 8)","(32, 12)","(10,)","(32, 5)",EDGE,0.0,0.0,STANDING,STANDING,session_name_heuristic
174,pc_smoke_standing_2m_01,C:\Users\UBESC\Desktop\Combined MMwave and RGB\mmwave_pose_ui_4ec2b00\logs\pc_smoke_standing_2m_01\mmwave_associated_points.csv,1,3362,3393,32,"(32, 64, 8)","(32, 12)","(10,)","(32, 5)",EDGE,0.0,0.0,STANDING,STANDING,session_name_heuristic
175,pc_smoke_standing_2m_01,C:\Users\UBESC\Desktop\Combined MMwave and RGB\mmwave_pose_ui_4ec2b00\logs\pc_smoke_standing_2m_01\mmwave_associated_points.csv,1,3378,3409,32,"(32, 64, 8)","(32, 12)","(10,)","(32, 5)",EDGE,0.0,0.0,STANDING,STANDING,session_name_heuristic
176,pc_smoke_standing_2m_01,C:\Users\UBESC\Desktop\Combined MMwave and RGB\mmwave_pose_ui_4ec2b00\logs\pc_smoke_standing_2m_01\mmwave_associated_points.csv,1,3394,3425,32,"(32, 64, 8)","(32, 12)","(10,)","(32, 5)",EDGE,0.0,0.0,STANDING,STANDING,session_name_heuristic
177,pc_smoke_standing_2m_01,C:\Users\UBESC\Desktop\Combined MMwave and RGB\mmwave_pose_ui_4ec2b00\logs\pc_smoke_standing_2m_01\mmwave_associated_points.csv,1,3410,3441,32,"(32, 64, 8)","(32, 12)","(10,)","(32, 5)",EDGE,0.0,0.0,STANDING,STANDING,session_name_heuristic
178,pc_smoke_standing_2m_01,C:\Users\UBESC\Desktop\Combined MMwave and RGB\mmwave_pose_ui_4ec2b00\logs\pc_smoke_standing_2m_01\mmwave_associated_points.csv,1,3426,3457,32,"(32, 64, 8)","(32, 12)","(10,)","(32, 5)",EDGE,0.9062,0.4062,STANDING,STANDING,session_name_heuristic
179,pc_smoke_standing_2m_01,C:\Users\UBESC\Desktop\Combined MMwave and RGB\mmwave_pose_ui_4ec2b00\logs\pc_smoke_standing_2m_01\mmwave_associated_points.csv,1,3442,3473,32,"(32, 64, 8)","(32, 12)","(10,)","(32, 5)",EDGE,1.0312,0.4688,STANDING,STANDING,session_name_heuristic
180,pc_smoke_standing_2m_01,C:\Users\UBESC\Desktop\Combined MMwave and RGB\mmwave_pose_ui_4ec2b00\logs\pc_smoke_standing_2m_01\mmwave_associated_points.csv,1,3458,3489,32,"(32, 64, 8)","(32, 12)","(10,)","(32, 5)",FAR,0.9375,0.5,STANDING,STANDING,session_name_heuristic
181,pc_smoke_standing_2m_01,C:\Users\UBESC\Desktop\Combined MMwave and RGB\mmwave_pose_ui_4ec2b00\logs\pc_smoke_standing_2m_01\mmwave_associated_points.csv,1,3474,3505,32,"(32, 64, 8)","(32, 12)","(10,)","(32, 5)",FAR,2.2188,0.875,STANDING,STANDING,session_name_heuristic
182,pc_smoke_standing_2m_01,C:\Users\UBESC\Desktop\Combined MMwave and RGB\mmwave_pose_ui_4ec2b00\logs\pc_smoke_standing_2m_01\mmwave_associated_points.csv,1,3490,3521,32,"(32, 64, 8)","(32, 12)","(10,)","(32, 5)",FAR,3.125,0.9375,STANDING,STANDING,session_name_heuristic
183,pc_smoke_standing_2m_01,C:\Users\UBESC\Desktop\Combined MMwave and RGB\mmwave_pose_ui_4ec2b00\logs\pc_smoke_standing_2m_01\mmwave_associated_points.csv,1,3506,3537,32,"(32, 64, 8)","(32, 12)","(10,)","(32, 5)",FAR,2.4062,0.75,STANDING,STANDING,session_name_heuristic
184,pc_smoke_standing_2m_01,C:\Users\UBESC\Desktop\Combined MMwave and RGB\mmwave_pose_ui_4ec2b00\logs\pc_smoke_standing_2m_01\mmwave_associated_points.csv,1,3522,3553,32,"(32, 64, 8)","(32, 12)","(10,)","(32, 5)",FAR,0.9062,0.4062,STANDING,STANDING,session_name_heuristic
185,pc_smoke_standing_2m_01,C:\Users\UBESC\Desktop\Combined MMwave and RGB\mmwave_pose_ui_4ec2b00\logs\pc_smoke_standing_2m_01\mmwave_associated_points.csv,1,3538,3569,32,"(32, 64, 8)","(32, 12)","(10,)","(32, 5)",FAR,1.0938,0.4062,STANDING,STANDING,session_name_heuristic
186,pc_smoke_standing_2m_01,C:\Users\UBESC\Desktop\Combined MMwave and RGB\mmwave_pose_ui_4ec2b00\logs\pc_smoke_standing_2m_01\mmwave_associated_points.csv,1,3554,3585,32,"(32, 64, 8)","(32, 12)","(10,)","(32, 5)",FAR,1.3438,0.4375,STANDING,STANDING,session_name_heuristic
187,pc_smoke_standing_2m_01,C:\Users\UBESC\Desktop\Combined MMwave and RGB\mmwave_pose_ui_4ec2b00\logs\pc_smoke_standing_2m_01\mmwave_associated_points.csv,1,3570,3601,32,"(32, 64, 8)","(32, 12)","(10,)","(32, 5)",FAR,0.4688,0.1875,STANDING,STANDING,session_name_heuristic
188,pc_smoke_standing_2m_01,C:\Users\UBESC\Desktop\Combined MMwave and RGB\mmwave_pose_ui_4ec2b00\logs\pc_smoke_standing_2m_01\mmwave_associated_points.csv,1,3586,3617,32,"(32, 64, 8)","(32, 12)","(10,)","(32, 5)",FAR,1.375,0.3438,STANDING,STANDING,session_name_heuristic
189,pc_smoke_standing_2m_01,C:\Users\UBESC\Desktop\Combined MMwave and RGB\mmwave_pose_ui_4ec2b00\logs\pc_smoke_standing_2m_01\mmwave_associated_points.csv,1,3602,3633,32,"(32, 64, 8)","(32, 12)","(10,)","(32, 5)",FAR,3.5938,0.8438,STANDING,STANDING,session_name_heuristic
190,pc_smoke_standing_2m_01,C:\Users\UBESC\Desktop\Combined MMwave and RGB\mmwave_pose_ui_4ec2b00\logs\pc_smoke_standing_2m_01\mmwave_associated_points.csv,1,3618,3649,32,"(32, 64, 8)","(32, 12)","(10,)","(32, 5)",FAR,3.1875,0.875,STANDING,STANDING,session_name_heuristic
191,pc_smoke_standing_2m_01,C:\Users\UBESC\Desktop\Combined MMwave and RGB\mmwave_pose_ui_4ec2b00\logs\pc_smoke_standing_2m_01\mmwave_associated_points.csv,1,3634,3665,32,"(32, 64, 8)","(32, 12)","(10,)","(32, 5)",FAR,1.125,0.4375,STANDING,STANDING,session_name_heuristic
192,pc_smoke_standing_2m_01,C:\Users\UBESC\Desktop\Combined MMwave and RGB\mmwave_pose_ui_4ec2b00\logs\pc_smoke_standing_2m_01\mmwave_associated_points.csv,1,3650,3681,32,"(32, 64, 8)","(32, 12)","(10,)","(32, 5)",FAR,1.75,0.5,STANDING,STANDING,session_name_heuristic
193,pc_smoke_standing_2m_01,C:\Users\UBESC\Desktop\Combined MMwave and RGB\mmwave_pose_ui_4ec2b00\logs\pc_smoke_standing_2m_01\mmwave_associated_points.csv,1,3666,3697,32,"(32, 64, 8)","(32, 12)","(10,)","(32, 5)",FAR,1.7188,0.5,STANDING,STANDING,session_name_heuristic
194,pc_smoke_standing_2m_01,C:\Users\UBESC\Desktop\Combined MMwave and RGB\mmwave_pose_ui_4ec2b00\logs\pc_smoke_standing_2m_01\mmwave_associated_points.csv,1,3682,3713,32,"(32, 64, 8)","(32, 12)","(10,)","(32, 5)",FAR,0.125,0.0625,STANDING,STANDING,session_name_heuristic
195,pc_smoke_standing_2m_01,C:\Users\UBESC\Desktop\Combined MMwave and RGB\mmwave_pose_ui_4ec2b00\logs\pc_smoke_standing_2m_01\mmwave_associated_points.csv,1,3698,3729,32,"(32, 64, 8)","(32, 12)","(10,)","(32, 5)",FAR,0.0,0.0,STANDING,STANDING,session_name_heuristic
196,pc_smoke_standing_2m_01,C:\Users\UBESC\Desktop\Combined MMwave and RGB\mmwave_pose_ui_4ec2b00\logs\pc_smoke_standing_2m_01\mmwave_associated_points.csv,1,3714,3745,32,"(32, 64, 8)","(32, 12)","(10,)","(32, 5)",FAR,0.7812,0.2812,STANDING,STANDING,session_name_heuristic
197,pc_smoke_standing_2m_01,C:\Users\UBESC\Desktop\Combined MMwave and RGB\mmwave_pose_ui_4ec2b00\logs\pc_smoke_standing_2m_01\mmwave_associated_points.csv,1,3730,3761,32,"(32, 64, 8)","(32, 12)","(10,)","(32, 5)",FAR,2.1875,0.7188,STANDING,STANDING,session_name_heuristic
198,pc_smoke_standing_2m_01,C:\Users\UBESC\Desktop\Combined MMwave and RGB\mmwave_pose_ui_4ec2b00\logs\pc_smoke_standing_2m_01\mmwave_associated_points.csv,1,3746,3777,32,"(32, 64, 8)","(32, 12)","(10,)","(32, 5)",FAR,4.25,0.9375,STANDING,STANDING,session_name_heuristic
199,pc_smoke_standing_2m_01,C:\Users\UBESC\Desktop\Combined MMwave and RGB\mmwave_pose_ui_4ec2b00\logs\pc_smoke_standing_2m_01\mmwave_associated_points.csv,1,3762,3793,32,"(32, 64, 8)","(32, 12)","(10,)","(32, 5)",FAR,5.9062,1.0,STANDING,STANDING,session_name_heuristic
