session_id,segment_id,person_slot,expected_pose,expected_subpose,expected_distance_m,expected_position,start_time_s,end_time_s,label_confidence,assigned_tid,assignment_confidence,notes,duration_s,expected_frames,track_frames,pose_frames,tracking_presence_rate,pose_presence_rate,NO_POINTS_rate,LOW_POINTS_rate,OK_rate,gap_count_gt_1s,tid_switch_count,range_jump_count,ui_visible_rate,render_confirmed,segment_quality
session_20260703_205540,standing_1m,center,STANDING,STANDING,1.0,CENTER,4.000,50.500,HIGH,0,HIGH,standing center/front; legacy_segment_time; standing first block; auto range plateau tol=0.35m samples=863; dominant_tid_ratio=1.000; tid_counts={0: 844},46.5,828,844,844,1.0193,1.0193,0.3697,0.9609,0.0344,0,0,0,0.0,False,HIGH
session_20260703_205540,standing_2m,center,STANDING,STANDING,2.0,CENTER,60.516,103.954,HIGH,0,HIGH,standing center/front; legacy_segment_time; standing first block; auto range plateau tol=0.35m samples=812; dominant_tid_ratio=1.000; tid_counts={0: 790},43.438,790,790,790,1.0,1.0,0.7228,0.9924,0.0076,0,0,0,0.0,False,HIGH
session_20260703_205540,standing_3m,center,STANDING,STANDING,3.0,CENTER,113.969,157.641,HIGH,0,HIGH,standing center/front; legacy_segment_time; standing first block; auto range plateau tol=0.35m samples=803; dominant_tid_ratio=1.000; tid_counts={0: 793},43.672,793,793,793,1.0,1.0,0.9092,1.0,0.0,0,0,0,0.0,False,HIGH
session_20260703_205540,standing_4m,center,STANDING,STANDING,4.0,CENTER,167.688,208.032,HIGH,0,HIGH,standing center/front; legacy_segment_time; standing first block; auto range plateau tol=0.35m samples=719; dominant_tid_ratio=1.000; tid_counts={0: 739},40.344,732,739,739,1.0096,1.0096,0.9648,1.0,0.0,0,0,0,0.0,False,HIGH
session_20260703_205540,leanback_1m,center,SITTING,SITTING_LEAN_BACK,1.0,CENTER,228.625,290.922,HIGH,3,HIGH,sitting was leaned back; legacy_segment_time; sitting was leaned back; auto range plateau tol=0.35m samples=1096; dominant_tid_ratio=1.000; tid_counts={3: 1130},62.297,1129,1130,1130,1.0009,1.0009,0.723,0.9425,0.0469,0,0,0,0.0,False,HIGH
session_20260703_205540,leanback_2m,center,SITTING,SITTING_LEAN_BACK,2.0,CENTER,300.954,323.641,LOW,3,HIGH,sitting was leaned back; legacy_segment_time; sitting was leaned back; auto range plateau tol=0.35m samples=504; dominant_tid_ratio=1.000; tid_counts={3: 416},22.687,412,416,416,1.0097,1.0097,1.0,1.0,0.0,0,0,0,0.0,False,LOW
session_20260703_205540,leanback_3m,center,SITTING,SITTING_LEAN_BACK,3.0,CENTER,389.313,414.329,LOW,6,HIGH,sitting was leaned back; legacy_segment_time; sitting was leaned back; auto range plateau tol=0.35m samples=522; dominant_tid_ratio=1.000; tid_counts={6: 454},25.016,451,454,454,1.0067,1.0067,0.7291,0.9207,0.0793,0,0,0,0.0,False,LOW
session_20260703_205540,leanback_4m,center,SITTING,SITTING_LEAN_BACK,4.0,CENTER,474.907,506.735,MEDIUM,7,HIGH,sitting was leaned back; legacy_segment_time; sitting was leaned back; auto range plateau tol=0.35m samples=602; dominant_tid_ratio=1.000; tid_counts={7: 556},31.828,562,556,556,0.9893,0.9893,0.6853,0.9496,0.0162,0,0,0,0.0,False,MEDIUM
sitting_ab_default_cfg,leanback_1m,center,SITTING,SITTING_LEAN_BACK,1.0,CENTER,4.000,77.719,HIGH,0,HIGH,corrected protocol includes 1m; legacy_segment_time; corrected protocol includes 1m; auto range plateau tol=0.35m samples=1447; dominant_tid_ratio=1.000; tid_counts={0: 1341},73.719,1340,1341,1341,1.0007,1.0007,0.8292,0.953,0.0433,0,0,0,0.0,False,HIGH
sitting_ab_default_cfg,leanback_2m,center,SITTING,SITTING_LEAN_BACK,2.0,CENTER,87.734,158.234,HIGH,0,HIGH,corrected protocol includes 1m; legacy_segment_time; sitting leaned back; auto range plateau tol=0.35m samples=1397; dominant_tid_ratio=1.000; tid_counts={0: 1282},70.5,1283,1282,1282,0.9992,0.9992,0.8721,0.9376,0.0608,0,0,0,0.0,False,HIGH
sitting_ab_default_cfg,leanback_3m,center,SITTING,SITTING_LEAN_BACK,3.0,CENTER,167.578,182.328,LOW,0,HIGH,corrected protocol includes 1m; legacy_segment_time; sitting leaned back; auto range plateau tol=0.35m samples=300; dominant_tid_ratio=1.000; tid_counts={0: 268},14.75,269,268,268,0.9963,0.9963,0.597,0.903,0.0896,0,0,0,0.0,False,LOW
sitting_ab_default_cfg,leanback_4m,center,SITTING,SITTING_LEAN_BACK,4.0,CENTER,257.172,279.890,LOW,0,HIGH,corrected protocol includes 1m; legacy_segment_time; sitting leaned back; auto range plateau tol=0.55m samples=557; dominant_tid_ratio=1.000; tid_counts={0: 413},22.718,414,413,413,0.9976,0.9976,0.724,0.9782,0.0073,0,0,0,0.0,False,LOW
sitting_ab_static_retention_cfg,leanback_1m,center,SITTING,SITTING_LEAN_BACK,1.0,CENTER,10.047,82.219,HIGH,0,MEDIUM,"corrected protocol includes 1m; legacy_segment_time; corrected protocol includes 1m; auto range plateau tol=0.35m samples=1398; dominant_tid_ratio=0.745; tid_counts={0: 1315, 1: 450}",72.172,1312,1315,1315,1.0023,1.0023,0.4266,0.8525,0.0243,0,1,0,0.0,False,MEDIUM
sitting_ab_static_retention_cfg,leanback_2m,center,SITTING,SITTING_LEAN_BACK,2.0,CENTER,92.750,206.469,HIGH,0,HIGH,corrected protocol includes 1m; legacy_segment_time; sitting leaned back; auto range plateau tol=0.35m samples=2195; dominant_tid_ratio=1.000; tid_counts={0: 2068},113.719,2068,2068,2068,1.0,1.0,0.707,0.9178,0.0363,0,0,0,0.0,False,HIGH
sitting_ab_static_retention_cfg,leanback_3m,center,SITTING,SITTING_LEAN_BACK,3.0,CENTER,216.500,345.516,HIGH,0,MEDIUM,"corrected protocol includes 1m; legacy_segment_time; sitting leaned back; auto range plateau tol=0.35m samples=2434; dominant_tid_ratio=0.500; tid_counts={0: 2346, 5: 2346}",129.016,2346,2346,2346,1.0,1.0,0.821,0.9587,0.02,0,1,0,0.0,False,MEDIUM
sitting_ab_static_retention_cfg,leanback_4m,center,SITTING,SITTING_LEAN_BACK,4.0,CENTER,355.563,432.563,HIGH,0,MEDIUM,"corrected protocol includes 1m; legacy_segment_time; sitting leaned back; auto range plateau tol=0.35m samples=1532; dominant_tid_ratio=0.500; tid_counts={0: 1400, 5: 1400}",77.0,1400,1400,1400,1.0,1.0,0.7714,0.9193,0.0243,0,1,0,0.0,False,MEDIUM
sitting_relative_gate_refined_live_test,standing_1m,center,STANDING,STANDING,1.0,CENTER,25.506,78.687,HIGH,1,HIGH,single person center/front; legacy_segment_time; auto range plateau; raw=21.51-82.69s; tol=0.35m; samples=1113; dominant_tid_ratio=1.000; tid_counts={1: 967},53.181,967,967,967,1.0,1.0,0.2254,0.8728,0.0931,0,0,0,0.0,False,HIGH
sitting_relative_gate_refined_live_test,standing_2m,center,STANDING,STANDING,2.0,CENTER,88.768,149.030,HIGH,1,HIGH,single person center/front; legacy_segment_time; auto range plateau; raw=84.77-153.03s; tol=0.35m; samples=1243; dominant_tid_ratio=1.000; tid_counts={1: 1096},60.262,1095,1096,1096,1.0009,1.0009,0.6578,0.99,0.0082,0,0,0,0.0,False,HIGH
sitting_relative_gate_refined_live_test,standing_3m,center,STANDING,STANDING,3.0,CENTER,168.960,231.854,HIGH,1,HIGH,single person center/front; legacy_segment_time; auto range plateau; raw=164.96-235.85s; tol=0.35m; samples=1289; dominant_tid_ratio=1.000; tid_counts={1: 1143},62.894,1143,1143,1143,1.0,1.0,0.7358,0.9659,0.0254,0,0,0,0.0,False,HIGH
sitting_relative_gate_refined_live_test,standing_4m,center,STANDING,STANDING,4.0,CENTER,241.856,268.823,LOW,1,HIGH,single person center/front; legacy_segment_time; auto range plateau; raw=237.86-272.82s; tol=0.35m; samples=637; dominant_tid_ratio=1.000; tid_counts={1: 491},26.967,490,491,491,1.002,1.002,0.9735,1.0,0.0,0,0,0,0.0,False,LOW
sitting_relative_gate_refined_live_test,standing_5m,center,STANDING,STANDING,5.0,CENTER,314.926,377.169,HIGH,2,HIGH,single person center/front; legacy_segment_time; auto range plateau; raw=310.93-381.17s; tol=0.35m; samples=1278; dominant_tid_ratio=1.000; tid_counts={2: 1132},62.243,1132,1132,1132,1.0,1.0,0.924,1.0,0.0,0,0,0,0.0,False,HIGH
sitting_relative_gate_refined_live_test,leanback_1m,center,SITTING,SITTING_LEAN_BACK,1.0,CENTER,406.980,435.014,LOW,4,HIGH,single person center/front sitting subtype; legacy_segment_time; auto range plateau; raw=406.98-435.01s; tol=0.35m; samples=502; dominant_tid_ratio=1.000; tid_counts={4: 509},28.034,508,509,509,1.002,1.002,0.888,1.0,0.0,0,0,0,0.0,False,LOW
sitting_relative_gate_refined_live_test,leanback_2m,center,SITTING,SITTING_LEAN_BACK,2.0,CENTER,471.363,497.291,LOW,4,HIGH,single person center/front sitting subtype; legacy_segment_time; auto range plateau; raw=467.36-501.29s; tol=0.55m; samples=618; dominant_tid_ratio=1.000; tid_counts={4: 471},25.928,471,471,471,1.0,1.0,0.9512,0.9915,0.0085,0,0,0,0.0,False,LOW
sitting_relative_gate_refined_live_test,leanback_3m,center,SITTING,SITTING_LEAN_BACK,3.0,CENTER,555.618,584.079,LOW,6,HIGH,single person center/front sitting subtype; legacy_segment_time; auto range plateau; raw=551.62-588.08s; tol=0.35m; samples=664; dominant_tid_ratio=1.000; tid_counts={6: 518},28.461,518,518,518,1.0,1.0,0.9402,0.9981,0.0019,0,0,0,0.0,False,LOW
sitting_relative_gate_refined_live_test,leanback_4m,center,SITTING,SITTING_LEAN_BACK,4.0,CENTER,637.990,674.837,MEDIUM,8,HIGH,single person center/front sitting subtype; legacy_segment_time; auto range plateau; raw=633.99-678.84s; tol=0.35m; samples=816; dominant_tid_ratio=1.000; tid_counts={8: 670},36.847,670,670,670,1.0,1.0,0.9866,0.9985,0.0015,0,0,0,0.0,False,MEDIUM
sitting_relative_gate_refined_live_test,leanback_5m,center,SITTING,SITTING_LEAN_BACK,5.0,CENTER,712.573,746.749,MEDIUM,9,HIGH,single person center/front sitting subtype; legacy_segment_time; auto range plateau; raw=708.57-750.75s; tol=0.35m; samples=767; dominant_tid_ratio=1.000; tid_counts={9: 620},34.176,622,620,620,0.9968,0.9968,0.9984,1.0,0.0,0,0,0,0.0,False,MEDIUM
sitting_relative_gate_refined_live_test,upright_1m,center,SITTING,SITTING_UPRIGHT,1.0,CENTER,789.929,855.717,HIGH,10,HIGH,single person center/front sitting subtype; legacy_segment_time; auto time-order fallback; range plateau not reliable; auto range plateau; raw=785.93-859.72s; tol=0.35m; samples=1342; dominant_tid_ratio=1.000; tid_counts={10: 1196},65.788,1197,1196,1196,0.9992,0.9992,0.6405,0.9381,0.0552,0,0,0,0.0,False,HIGH
sitting_relative_gate_refined_live_test,upright_2m,center,SITTING,SITTING_UPRIGHT,2.0,CENTER,865.764,930.163,HIGH,10,HIGH,single person center/front sitting subtype; legacy_segment_time; auto time-order fallback; range plateau not reliable; auto range plateau; raw=861.76-934.16s; tol=0.35m; samples=1318; dominant_tid_ratio=1.000; tid_counts={10: 1171},64.399,1171,1171,1171,1.0,1.0,0.9146,0.9923,0.0077,0,0,0,0.0,False,HIGH
sitting_relative_gate_refined_live_test,upright_3m,center,SITTING,SITTING_UPRIGHT,3.0,CENTER,940.195,1004.283,HIGH,10,HIGH,single person center/front sitting subtype; legacy_segment_time; auto time-order fallback; range plateau not reliable; auto range plateau; raw=936.20-1008.28s; tol=0.35m; samples=1312; dominant_tid_ratio=1.000; tid_counts={10: 1166},64.088,1166,1166,1166,1.0,1.0,0.8482,0.9863,0.012,0,0,0,0.0,False,HIGH
sitting_relative_gate_refined_live_test,upright_4m,center,SITTING,SITTING_UPRIGHT,4.0,CENTER,1016.474,1042.685,LOW,10,HIGH,single person center/front sitting subtype; legacy_segment_time; auto time-order fallback; range plateau not reliable; auto range plateau; raw=1012.47-1046.68s; tol=0.35m; samples=623; dominant_tid_ratio=1.000; tid_counts={10: 476},26.211,475,476,476,1.0021,1.0021,0.9706,0.9958,0.0021,0,0,0,0.0,False,LOW
sitting_relative_gate_refined_live_test,upright_5m,center,SITTING,SITTING_UPRIGHT,5.0,CENTER,1155.993,1205.993,LOW,11,HIGH,single person center/front sitting subtype; legacy_segment_time; auto time-order fallback; range plateau not reliable; auto time-order fallback; range plateau not reliable; dominant_tid_ratio=1.000; tid_counts={11: 909},50.0,908,909,909,1.0011,1.0011,0.6986,0.8658,0.1056,0,0,0,0.0,False,LOW
sitting_relative_gate_refined_live_test,leanforward_1m,center,SITTING,SITTING_LEAN_FORWARD,1.0,CENTER,1207.996,1234.170,LOW,11,HIGH,single person center/front sitting subtype; legacy_segment_time; auto time-order fallback; range plateau not reliable; auto range plateau; raw=1208.00-1234.17s; tol=0.35m; samples=475; dominant_tid_ratio=1.000; tid_counts={11: 475},26.174,474,475,475,1.0021,1.0021,0.8168,0.9389,0.0611,0,0,0,0.0,False,LOW
sitting_relative_gate_refined_live_test,leanforward_2m,center,SITTING,SITTING_LEAN_FORWARD,2.0,CENTER,1240.200,1278.767,MEDIUM,11,HIGH,single person center/front sitting subtype; legacy_segment_time; auto time-order fallback; range plateau not reliable; auto range plateau; raw=1236.20-1282.77s; tol=0.35m; samples=847; dominant_tid_ratio=1.000; tid_counts={11: 701},38.567,701,701,701,1.0,1.0,0.913,0.9672,0.0328,0,0,0,0.0,False,MEDIUM
sitting_relative_gate_refined_live_test,leanforward_3m,center,SITTING,SITTING_LEAN_FORWARD,3.0,CENTER,1318.334,1364.520,HIGH,12,HIGH,single person center/front sitting subtype; legacy_segment_time; auto time-order fallback; range plateau not reliable; auto range plateau; raw=1314.33-1368.52s; tol=0.35m; samples=986; dominant_tid_ratio=1.000; tid_counts={12: 839},46.186,840,839,839,0.9988,0.9988,0.9547,0.9905,0.0095,0,0,0,0.0,False,HIGH
sitting_relative_gate_refined_live_test,leanforward_4m,center,SITTING,SITTING_LEAN_FORWARD,4.0,CENTER,1403.470,1432.177,LOW,13,HIGH,single person center/front sitting subtype; legacy_segment_time; auto time-order fallback; range plateau not reliable; auto range plateau; raw=1403.47-1432.18s; tol=0.35m; samples=523; dominant_tid_ratio=1.000; tid_counts={13: 522},28.707,521,522,522,1.0019,1.0019,0.9713,0.9866,0.0057,0,0,0,0.0,False,LOW
sitting_relative_gate_refined_live_test,leanforward_5m,center,SITTING,SITTING_LEAN_FORWARD,5.0,CENTER,1480.633,1504.587,LOW,14,HIGH,single person center/front sitting subtype; legacy_segment_time; auto time-order fallback; range plateau not reliable; auto range plateau; raw=1476.63-1508.59s; tol=0.35m; samples=582; dominant_tid_ratio=1.000; tid_counts={14: 436},23.954,436,436,436,1.0,1.0,0.9839,1.0,0.0,0,0,0,0.0,False,LOW
session_20260704_145249,standing_1m,left_person,STANDING,STANDING,1.0,LEFT,8.000,77.352,MEDIUM,0,HIGH,simultaneous two-person left slot; protocol_order_time_fallback; start/end inferred from protocol order; no manual segment timing file; left/right inferred from verified lateral ordering within this segment; mean_x_left=-1.169; mean_x_right=0.957; separation=2.126,69.352,1264,762,762,0.6028,0.6028,0.6378,0.8255,0.1234,0,2,0,0.0,False,MEDIUM
session_20260704_145249,standing_1m,right_person,STANDING,STANDING,1.0,RIGHT,8.000,77.352,MEDIUM,1,HIGH,simultaneous two-person right slot; protocol_order_time_fallback; start/end inferred from protocol order; no manual segment timing file; left/right inferred from verified lateral ordering within this segment; mean_x_left=-1.169; mean_x_right=0.957; separation=2.126,69.352,1264,1261,1261,0.9976,0.9976,0.797,0.9603,0.0317,0,2,0,0.0,False,MEDIUM
session_20260704_145249,standing_2m,left_person,STANDING,STANDING,2.0,LEFT,83.352,152.703,MEDIUM,2,HIGH,simultaneous two-person left slot; protocol_order_time_fallback; start/end inferred from protocol order; no manual segment timing file; left/right inferred from verified lateral ordering within this segment; mean_x_left=-1.301; mean_x_right=0.965; separation=2.266,69.351,1260,1261,1261,1.0008,1.0008,0.5829,0.9151,0.0563,0,1,0,0.0,False,MEDIUM
session_20260704_145249,standing_2m,right_person,STANDING,STANDING,2.0,RIGHT,83.352,152.703,MEDIUM,1,HIGH,simultaneous two-person right slot; protocol_order_time_fallback; start/end inferred from protocol order; no manual segment timing file; left/right inferred from verified lateral ordering within this segment; mean_x_left=-1.301; mean_x_right=0.965; separation=2.266,69.351,1260,1261,1261,1.0008,1.0008,0.8049,0.9627,0.0127,0,1,0,0.0,False,MEDIUM
session_20260704_145249,standing_3m,left_person,STANDING,STANDING,3.0,LEFT,158.703,228.055,MEDIUM,2,HIGH,simultaneous two-person left slot; protocol_order_time_fallback; start/end inferred from protocol order; no manual segment timing file; left/right inferred from verified lateral ordering within this segment; mean_x_left=-1.510; mean_x_right=0.848; separation=2.358,69.352,1260,1260,1260,1.0,1.0,0.5651,0.9437,0.0421,0,1,0,0.0,False,MEDIUM
session_20260704_145249,standing_3m,right_person,STANDING,STANDING,3.0,RIGHT,158.703,228.055,MEDIUM,1,HIGH,simultaneous two-person right slot; protocol_order_time_fallback; start/end inferred from protocol order; no manual segment timing file; left/right inferred from verified lateral ordering within this segment; mean_x_left=-1.510; mean_x_right=0.848; separation=2.358,69.352,1260,1260,1260,1.0,1.0,0.7238,0.9762,0.0127,0,1,0,0.0,False,MEDIUM
session_20260704_145249,standing_4m,left_person,STANDING,STANDING,4.0,LEFT,234.055,303.406,MEDIUM,2,HIGH,simultaneous two-person left slot; protocol_order_time_fallback; start/end inferred from protocol order; no manual segment timing file; left/right inferred from verified lateral ordering within this segment; mean_x_left=-1.652; mean_x_right=0.805; separation=2.457,69.351,1260,542,542,0.4302,0.4302,0.9668,0.9963,0.0,0,1,0,0.0,False,MEDIUM
session_20260704_145249,standing_4m,right_person,STANDING,STANDING,4.0,RIGHT,234.055,303.406,MEDIUM,1,HIGH,simultaneous two-person right slot; protocol_order_time_fallback; start/end inferred from protocol order; no manual segment timing file; left/right inferred from verified lateral ordering within this segment; mean_x_left=-1.652; mean_x_right=0.805; separation=2.457,69.351,1260,1262,1262,1.0016,1.0016,0.8494,0.9826,0.0079,0,1,0,0.0,False,MEDIUM
session_20260704_145249,standing_5m,left_person,STANDING,STANDING,5.0,LEFT,309.406,378.757,MEDIUM,4,HIGH,simultaneous two-person left slot; protocol_order_time_fallback; start/end inferred from protocol order; no manual segment timing file; left/right inferred from verified lateral ordering within this segment; mean_x_left=-0.956; mean_x_right=0.761; separation=1.717,69.351,1260,328,328,0.2603,0.2603,0.0,0.0,0.5518,0,1,0,0.0,False,LOW
session_20260704_145249,standing_5m,right_person,STANDING,STANDING,5.0,RIGHT,309.406,378.757,MEDIUM,1,HIGH,simultaneous two-person right slot; protocol_order_time_fallback; start/end inferred from protocol order; no manual segment timing file; left/right inferred from verified lateral ordering within this segment; mean_x_left=-0.956; mean_x_right=0.761; separation=1.717,69.351,1260,1259,1259,0.9992,0.9992,0.6338,0.7633,0.1501,0,1,0,0.0,False,MEDIUM
session_20260704_145249,leanback_1m,left_person,SITTING,SITTING_LEAN_BACK,1.0,LEFT,384.757,454.109,MEDIUM,4,HIGH,simultaneous two-person left slot; protocol_order_time_fallback; start/end inferred from protocol order; no manual segment timing file; left/right inferred from verified lateral ordering within this segment; mean_x_left=-1.350; mean_x_right=0.901; separation=2.251,69.352,1262,1263,1263,1.0008,1.0008,0.7664,0.905,0.0903,0,1,0,0.0,False,MEDIUM
session_20260704_145249,leanback_1m,right_person,SITTING,SITTING_LEAN_BACK,1.0,RIGHT,384.757,454.109,MEDIUM,1,HIGH,simultaneous two-person right slot; protocol_order_time_fallback; start/end inferred from protocol order; no manual segment timing file; left/right inferred from verified lateral ordering within this segment; mean_x_left=-1.350; mean_x_right=0.901; separation=2.251,69.352,1262,1263,1263,1.0008,1.0008,0.8092,0.9382,0.0618,0,1,0,0.0,False,MEDIUM
session_20260704_145249,leanback_2m,left_person,SITTING,SITTING_LEAN_BACK,2.0,LEFT,460.109,529.461,MEDIUM,4,HIGH,simultaneous two-person left slot; protocol_order_time_fallback; start/end inferred from protocol order; no manual segment timing file; left/right inferred from verified lateral ordering within this segment; mean_x_left=-1.274; mean_x_right=1.034; separation=2.308,69.352,1262,1261,1261,0.9992,0.9992,0.8446,0.9659,0.0341,0,1,0,0.0,False,MEDIUM
session_20260704_145249,leanback_2m,right_person,SITTING,SITTING_LEAN_BACK,2.0,RIGHT,460.109,529.461,MEDIUM,1,HIGH,simultaneous two-person right slot; protocol_order_time_fallback; start/end inferred from protocol order; no manual segment timing file; left/right inferred from verified lateral ordering within this segment; mean_x_left=-1.274; mean_x_right=1.034; separation=2.308,69.352,1262,1261,1261,0.9992,0.9992,0.8493,0.9667,0.0333,0,1,0,0.0,False,MEDIUM
session_20260704_145249,leanback_3m,left_person,SITTING,SITTING_LEAN_BACK,3.0,LEFT,535.461,604.812,MEDIUM,5,HIGH,simultaneous two-person left slot; protocol_order_time_fallback; start/end inferred from protocol order; no manual segment timing file; left/right inferred from verified lateral ordering within this segment; mean_x_left=-1.415; mean_x_right=1.047; separation=2.462,69.351,1260,703,703,0.5579,0.5579,0.7596,0.8663,0.0953,0,1,0,0.0,False,MEDIUM
session_20260704_145249,leanback_3m,right_person,SITTING,SITTING_LEAN_BACK,3.0,RIGHT,535.461,604.812,MEDIUM,1,HIGH,simultaneous two-person right slot; protocol_order_time_fallback; start/end inferred from protocol order; no manual segment timing file; left/right inferred from verified lateral ordering within this segment; mean_x_left=-1.415; mean_x_right=1.047; separation=2.462,69.351,1260,1262,1262,1.0016,1.0016,0.8716,0.9739,0.0261,0,1,0,0.0,False,MEDIUM
session_20260704_145249,leanback_4m,left_person,SITTING,SITTING_LEAN_BACK,4.0,LEFT,610.812,680.163,MEDIUM,1,LOW,simultaneous two-person left slot; protocol_order_time_fallback; start/end inferred from protocol order; no manual segment timing file; two-person assignment has fewer than two tids; dominant_tid_ratio=1.000; tid_counts={1: 1260},69.351,1261,1260,1260,0.9992,0.9992,0.9468,0.9897,0.0087,0,0,0,0.0,False,LOW
session_20260704_145249,leanback_4m,right_person,SITTING,SITTING_LEAN_BACK,4.0,RIGHT,610.812,680.163,MEDIUM,,LOW,simultaneous two-person right slot; protocol_order_time_fallback; start/end inferred from protocol order; no manual segment timing file; two-person assignment has fewer than two tids,69.351,1261,0,0,0.0,0.0,0.0,0.0,0.0,0,0,0,0.0,False,LOW
session_20260704_145249,leanback_5m,left_person,SITTING,SITTING_LEAN_BACK,5.0,LEFT,686.163,755.515,MEDIUM,6,LOW,simultaneous two-person left slot; protocol_order_time_fallback; start/end inferred from protocol order; no manual segment timing file; left/right inferred from verified lateral ordering within this segment; mean_x_left=0.763; mean_x_right=0.849; separation=0.086,69.352,1260,120,120,0.0952,0.0952,0.625,0.9083,0.05,0,1,0,0.0,False,LOW
session_20260704_145249,leanback_5m,right_person,SITTING,SITTING_LEAN_BACK,5.0,RIGHT,686.163,755.515,MEDIUM,1,LOW,simultaneous two-person right slot; protocol_order_time_fallback; start/end inferred from protocol order; no manual segment timing file; left/right inferred from verified lateral ordering within this segment; mean_x_left=0.763; mean_x_right=0.849; separation=0.086,69.352,1260,950,950,0.754,0.754,0.9537,0.9979,0.0011,0,1,0,0.0,False,LOW
session_20260704_150636,upright_1m,left_person,SITTING,SITTING_UPRIGHT,1.0,LEFT,8.000,69.783,MEDIUM,1,HIGH,simultaneous two-person left slot; protocol_order_time_fallback; start/end inferred from protocol order; no manual segment timing file; left/right inferred from verified lateral ordering within this segment; mean_x_left=-1.340; mean_x_right=0.951; separation=2.291,61.783,1124,1123,1123,0.9991,0.9991,0.8201,0.9804,0.016,0,1,0,0.0,False,MEDIUM
session_20260704_150636,upright_1m,right_person,SITTING,SITTING_UPRIGHT,1.0,RIGHT,8.000,69.783,MEDIUM,0,HIGH,simultaneous two-person right slot; protocol_order_time_fallback; start/end inferred from protocol order; no manual segment timing file; left/right inferred from verified lateral ordering within this segment; mean_x_left=-1.340; mean_x_right=0.951; separation=2.291,61.783,1124,1123,1123,0.9991,0.9991,0.6269,0.9377,0.0614,0,1,0,0.0,False,MEDIUM
session_20260704_150636,upright_2m,left_person,SITTING,SITTING_UPRIGHT,2.0,LEFT,75.783,137.566,MEDIUM,1,HIGH,simultaneous two-person left slot; protocol_order_time_fallback; start/end inferred from protocol order; no manual segment timing file; left/right inferred from verified lateral ordering within this segment; mean_x_left=-1.392; mean_x_right=0.923; separation=2.315,61.783,1123,1122,1122,0.9991,0.9991,0.7914,0.9251,0.0668,0,1,0,0.0,False,MEDIUM
session_20260704_150636,upright_2m,right_person,SITTING,SITTING_UPRIGHT,2.0,RIGHT,75.783,137.566,MEDIUM,0,HIGH,simultaneous two-person right slot; protocol_order_time_fallback; start/end inferred from protocol order; no manual segment timing file; left/right inferred from verified lateral ordering within this segment; mean_x_left=-1.392; mean_x_right=0.923; separation=2.315,61.783,1123,1122,1122,0.9991,0.9991,0.7772,0.9528,0.0455,0,1,0,0.0,False,MEDIUM
session_20260704_150636,upright_3m,left_person,SITTING,SITTING_UPRIGHT,3.0,LEFT,143.566,205.348,MEDIUM,2,HIGH,simultaneous two-person left slot; protocol_order_time_fallback; start/end inferred from protocol order; no manual segment timing file; left/right inferred from verified lateral ordering within this segment; mean_x_left=-1.541; mean_x_right=0.805; separation=2.346,61.782,1123,11,11,0.0098,0.0098,0.2727,1.0,0.0,0,0,0,0.0,False,LOW
session_20260704_150636,upright_3m,right_person,SITTING,SITTING_UPRIGHT,3.0,RIGHT,143.566,205.348,MEDIUM,0,HIGH,simultaneous two-person right slot; protocol_order_time_fallback; start/end inferred from protocol order; no manual segment timing file; left/right inferred from verified lateral ordering within this segment; mean_x_left=-1.541; mean_x_right=0.805; separation=2.346,61.782,1123,1123,1123,1.0,1.0,0.7898,0.9653,0.0321,0,0,0,0.0,False,MEDIUM
session_20260704_150636,upright_4m,left_person,SITTING,SITTING_UPRIGHT,4.0,LEFT,211.348,273.131,MEDIUM,0,LOW,simultaneous two-person left slot; protocol_order_time_fallback; start/end inferred from protocol order; no manual segment timing file; two-person assignment has fewer than two tids; dominant_tid_ratio=1.000; tid_counts={0: 1122},61.783,1124,1122,1122,0.9982,0.9982,0.8512,0.9893,0.008,0,0,0,0.0,False,LOW
session_20260704_150636,upright_4m,right_person,SITTING,SITTING_UPRIGHT,4.0,RIGHT,211.348,273.131,MEDIUM,,LOW,simultaneous two-person right slot; protocol_order_time_fallback; start/end inferred from protocol order; no manual segment timing file; two-person assignment has fewer than two tids,61.783,1124,0,0,0.0,0.0,0.0,0.0,0.0,0,0,0,0.0,False,LOW
session_20260704_150636,upright_5m,left_person,SITTING,SITTING_UPRIGHT,5.0,LEFT,279.131,340.914,MEDIUM,3,HIGH,simultaneous two-person left slot; protocol_order_time_fallback; start/end inferred from protocol order; no manual segment timing file; left/right inferred from verified lateral ordering within this segment; mean_x_left=-1.197; mean_x_right=0.793; separation=1.991,61.783,1124,105,105,0.0934,0.0934,0.0952,0.1429,0.7905,0,1,0,0.0,False,LOW
session_20260704_150636,upright_5m,right_person,SITTING,SITTING_UPRIGHT,5.0,RIGHT,279.131,340.914,MEDIUM,0,HIGH,simultaneous two-person right slot; protocol_order_time_fallback; start/end inferred from protocol order; no manual segment timing file; left/right inferred from verified lateral ordering within this segment; mean_x_left=-1.197; mean_x_right=0.793; separation=1.991,61.783,1124,713,713,0.6343,0.6343,0.6985,0.8724,0.0842,0,1,0,0.0,False,MEDIUM
session_20260704_150636,leanforward_1m,left_person,SITTING,SITTING_LEAN_FORWARD,1.0,LEFT,346.914,408.697,MEDIUM,8,HIGH,simultaneous two-person left slot; protocol_order_time_fallback; start/end inferred from protocol order; no manual segment timing file; left/right inferred from verified lateral ordering within this segment; mean_x_left=-1.366; mean_x_right=1.178; separation=2.544,61.783,1124,612,612,0.5445,0.5445,0.8382,0.8824,0.1046,0,1,2,0.0,False,MEDIUM
session_20260704_150636,leanforward_1m,right_person,SITTING,SITTING_LEAN_FORWARD,1.0,RIGHT,346.914,408.697,MEDIUM,7,HIGH,simultaneous two-person right slot; protocol_order_time_fallback; start/end inferred from protocol order; no manual segment timing file; left/right inferred from verified lateral ordering within this segment; mean_x_left=-1.366; mean_x_right=1.178; separation=2.544,61.783,1124,624,624,0.5552,0.5552,0.8558,0.9167,0.0721,0,1,0,0.0,False,MEDIUM
session_20260704_150636,leanforward_2m,left_person,SITTING,SITTING_LEAN_FORWARD,2.0,LEFT,414.697,476.480,MEDIUM,8,HIGH,simultaneous two-person left slot; protocol_order_time_fallback; start/end inferred from protocol order; no manual segment timing file; left/right inferred from verified lateral ordering within this segment; mean_x_left=-1.307; mean_x_right=0.999; separation=2.306,61.783,1122,1123,1123,1.0009,1.0009,0.8353,0.9323,0.0597,0,1,0,0.0,False,MEDIUM
session_20260704_150636,leanforward_2m,right_person,SITTING,SITTING_LEAN_FORWARD,2.0,RIGHT,414.697,476.480,MEDIUM,7,HIGH,simultaneous two-person right slot; protocol_order_time_fallback; start/end inferred from protocol order; no manual segment timing file; left/right inferred from verified lateral ordering within this segment; mean_x_left=-1.307; mean_x_right=0.999; separation=2.306,61.783,1122,1123,1123,1.0009,1.0009,0.8664,0.9564,0.0419,0,1,0,0.0,False,MEDIUM
session_20260704_150636,leanforward_3m,left_person,SITTING,SITTING_LEAN_FORWARD,3.0,LEFT,482.480,544.262,MEDIUM,8,HIGH,simultaneous two-person left slot; protocol_order_time_fallback; start/end inferred from protocol order; no manual segment timing file; left/right inferred from verified lateral ordering within this segment; mean_x_left=-1.435; mean_x_right=0.891; separation=2.327,61.782,1122,233,233,0.2077,0.2077,1.0,1.0,0.0,0,1,0,0.0,False,LOW
session_20260704_150636,leanforward_3m,right_person,SITTING,SITTING_LEAN_FORWARD,3.0,RIGHT,482.480,544.262,MEDIUM,7,HIGH,simultaneous two-person right slot; protocol_order_time_fallback; start/end inferred from protocol order; no manual segment timing file; left/right inferred from verified lateral ordering within this segment; mean_x_left=-1.435; mean_x_right=0.891; separation=2.327,61.782,1122,1114,1114,0.9929,0.9929,0.9758,1.0,0.0,0,1,0,0.0,False,MEDIUM
session_20260704_150636,leanforward_4m,left_person,SITTING,SITTING_LEAN_FORWARD,4.0,LEFT,550.262,612.045,MEDIUM,9,LOW,simultaneous two-person left slot; protocol_order_time_fallback; start/end inferred from protocol order; no manual segment timing file; two-person assignment has fewer than two tids; dominant_tid_ratio=1.000; tid_counts={9: 1003},61.783,1124,1003,1003,0.8923,0.8923,0.8534,0.987,0.011,0,0,0,0.0,False,LOW
session_20260704_150636,leanforward_4m,right_person,SITTING,SITTING_LEAN_FORWARD,4.0,RIGHT,550.262,612.045,MEDIUM,,LOW,simultaneous two-person right slot; protocol_order_time_fallback; start/end inferred from protocol order; no manual segment timing file; two-person assignment has fewer than two tids,61.783,1124,0,0,0.0,0.0,0.0,0.0,0.0,0,0,0,0.0,False,LOW
session_20260704_150636,leanforward_5m,left_person,SITTING,SITTING_LEAN_FORWARD,5.0,LEFT,618.045,679.828,MEDIUM,9,LOW,simultaneous two-person left slot; protocol_order_time_fallback; start/end inferred from protocol order; no manual segment timing file; two-person assignment has fewer than two tids; dominant_tid_ratio=1.000; tid_counts={9: 1124},61.783,1123,1124,1124,1.0009,1.0009,0.8319,0.9778,0.0214,0,0,0,0.0,False,LOW
session_20260704_150636,leanforward_5m,right_person,SITTING,SITTING_LEAN_FORWARD,5.0,RIGHT,618.045,679.828,MEDIUM,,LOW,simultaneous two-person right slot; protocol_order_time_fallback; start/end inferred from protocol order; no manual segment timing file; two-person assignment has fewer than two tids,61.783,1123,0,0,0.0,0.0,0.0,0.0,0.0,0,0,0,0.0,False,LOW
session_20260704_152302,standing_1m,center,STANDING,STANDING,1.0,CENTER,8.000,76.297,MEDIUM,0,HIGH,"single person center/front; protocol_order_time_fallback; start/end inferred from protocol order; no manual segment timing file; dominant_tid_ratio=0.997; tid_counts={0: 1242, 1: 4}",68.297,1242,1242,1242,1.0,1.0,0.157,0.7874,0.1337,0,0,0,0.0,False,MEDIUM
session_20260704_152302,standing_2m,center,STANDING,STANDING,2.0,CENTER,82.297,150.594,MEDIUM,0,HIGH,single person center/front; protocol_order_time_fallback; start/end inferred from protocol order; no manual segment timing file; dominant_tid_ratio=1.000; tid_counts={0: 1239},68.297,1239,1239,1239,1.0,1.0,0.3245,0.8709,0.0993,0,0,0,0.0,False,MEDIUM
session_20260704_152302,standing_3m,center,STANDING,STANDING,3.0,CENTER,156.594,224.891,MEDIUM,0,HIGH,single person center/front; protocol_order_time_fallback; start/end inferred from protocol order; no manual segment timing file; dominant_tid_ratio=1.000; tid_counts={0: 1240},68.297,1241,1240,1240,0.9992,0.9992,0.6871,0.9798,0.0194,0,0,0,0.0,False,MEDIUM
session_20260704_152302,standing_4m,center,STANDING,STANDING,4.0,CENTER,230.891,299.187,MEDIUM,0,HIGH,single person center/front; protocol_order_time_fallback; start/end inferred from protocol order; no manual segment timing file; dominant_tid_ratio=1.000; tid_counts={0: 1241},68.296,1242,1241,1241,0.9992,0.9992,0.8163,0.9863,0.0137,0,0,0,0.0,False,MEDIUM
session_20260704_152302,standing_5m,center,STANDING,STANDING,5.0,CENTER,305.187,373.484,MEDIUM,0,HIGH,single person center/front; protocol_order_time_fallback; start/end inferred from protocol order; no manual segment timing file; dominant_tid_ratio=1.000; tid_counts={0: 817},68.297,1242,817,817,0.6578,0.6578,0.9927,1.0,0.0,0,0,0,0.0,False,MEDIUM
session_20260704_152302,leanback_1m,center,SITTING,SITTING_LEAN_BACK,1.0,CENTER,379.484,447.781,MEDIUM,2,HIGH,single person center/front sitting subtype; protocol_order_time_fallback; start/end inferred from protocol order; no manual segment timing file; dominant_tid_ratio=1.000; tid_counts={2: 1241},68.297,1240,1241,1241,1.0008,1.0008,0.4907,0.8904,0.0967,0,0,0,0.0,False,MEDIUM
session_20260704_152302,leanback_2m,center,SITTING,SITTING_LEAN_BACK,2.0,CENTER,453.781,522.078,MEDIUM,2,HIGH,single person center/front sitting subtype; protocol_order_time_fallback; start/end inferred from protocol order; no manual segment timing file; dominant_tid_ratio=1.000; tid_counts={2: 1242},68.297,1242,1242,1242,1.0,1.0,0.7424,0.8897,0.1014,0,0,0,0.0,False,MEDIUM
session_20260704_152302,leanback_3m,center,SITTING,SITTING_LEAN_BACK,3.0,CENTER,528.078,596.375,MEDIUM,2,HIGH,single person center/front sitting subtype; protocol_order_time_fallback; start/end inferred from protocol order; no manual segment timing file; dominant_tid_ratio=1.000; tid_counts={2: 1242},68.297,1240,1242,1242,1.0016,1.0016,0.8655,0.9251,0.0733,0,0,0,0.0,False,MEDIUM
session_20260704_152302,leanback_4m,center,SITTING,SITTING_LEAN_BACK,4.0,CENTER,602.375,670.672,MEDIUM,2,HIGH,single person center/front sitting subtype; protocol_order_time_fallback; start/end inferred from protocol order; no manual segment timing file; dominant_tid_ratio=1.000; tid_counts={2: 823},68.297,1242,823,823,0.6626,0.6626,0.8591,0.9332,0.0632,0,0,0,0.0,False,MEDIUM
session_20260704_152302,leanback_5m,center,SITTING,SITTING_LEAN_BACK,5.0,CENTER,676.672,744.968,MEDIUM,3,HIGH,single person center/front sitting subtype; protocol_order_time_fallback; start/end inferred from protocol order; no manual segment timing file; dominant_tid_ratio=1.000; tid_counts={3: 648},68.296,1241,648,648,0.5222,0.5222,0.9383,0.9907,0.0,0,0,0,0.0,False,MEDIUM
session_20260704_152302,upright_1m,center,SITTING,SITTING_UPRIGHT,1.0,CENTER,750.968,819.265,MEDIUM,4,HIGH,single person center/front sitting subtype; protocol_order_time_fallback; start/end inferred from protocol order; no manual segment timing file; dominant_tid_ratio=1.000; tid_counts={4: 771},68.297,1241,771,771,0.6213,0.6213,0.4617,0.6978,0.2789,0,0,0,0.0,False,MEDIUM
session_20260704_152302,upright_2m,center,SITTING,SITTING_UPRIGHT,2.0,CENTER,825.265,893.562,MEDIUM,4,HIGH,single person center/front sitting subtype; protocol_order_time_fallback; start/end inferred from protocol order; no manual segment timing file; dominant_tid_ratio=1.000; tid_counts={4: 1242},68.297,1242,1242,1242,1.0,1.0,0.7576,0.8905,0.1014,0,0,0,0.0,False,MEDIUM
session_20260704_152302,upright_3m,center,SITTING,SITTING_UPRIGHT,3.0,CENTER,899.562,967.859,MEDIUM,4,HIGH,single person center/front sitting subtype; protocol_order_time_fallback; start/end inferred from protocol order; no manual segment timing file; dominant_tid_ratio=1.000; tid_counts={4: 1242},68.297,1243,1242,1242,0.9992,0.9992,0.5902,0.913,0.0805,0,0,0,0.0,False,MEDIUM
session_20260704_152302,upright_4m,center,SITTING,SITTING_UPRIGHT,4.0,CENTER,973.859,1042.156,MEDIUM,4,HIGH,single person center/front sitting subtype; protocol_order_time_fallback; start/end inferred from protocol order; no manual segment timing file; dominant_tid_ratio=1.000; tid_counts={4: 1242},68.297,1242,1242,1242,1.0,1.0,0.8744,0.9662,0.0314,0,0,0,0.0,False,MEDIUM
session_20260704_152302,upright_5m,center,SITTING,SITTING_UPRIGHT,5.0,CENTER,1048.156,1116.453,MEDIUM,4,HIGH,single person center/front sitting subtype; protocol_order_time_fallback; start/end inferred from protocol order; no manual segment timing file; dominant_tid_ratio=1.000; tid_counts={4: 1241},68.297,1242,1241,1241,0.9992,0.9992,0.9162,0.9879,0.0105,0,0,0,0.0,False,MEDIUM
session_20260704_152302,leanforward_1m,center,SITTING,SITTING_LEAN_FORWARD,1.0,CENTER,1122.453,1190.750,MEDIUM,4,HIGH,single person center/front sitting subtype; protocol_order_time_fallback; start/end inferred from protocol order; no manual segment timing file; dominant_tid_ratio=1.000; tid_counts={4: 68},68.297,1242,68,68,0.0548,0.0548,1.0,1.0,0.0,0,0,0,0.0,False,LOW
session_20260704_152302,leanforward_2m,center,SITTING,SITTING_LEAN_FORWARD,2.0,CENTER,1196.750,1265.046,MEDIUM,5,HIGH,"single person center/front sitting subtype; protocol_order_time_fallback; start/end inferred from protocol order; no manual segment timing file; dominant_tid_ratio=0.967; tid_counts={5: 208, 6: 7}",68.296,1241,208,208,0.1676,0.1676,0.2596,0.4904,0.2452,0,0,0,0.0,False,LOW
session_20260704_152302,leanforward_3m,center,SITTING,SITTING_LEAN_FORWARD,3.0,CENTER,1271.046,1339.343,MEDIUM,7,HIGH,single person center/front sitting subtype; protocol_order_time_fallback; start/end inferred from protocol order; no manual segment timing file; dominant_tid_ratio=1.000; tid_counts={7: 1110},68.297,1243,1110,1110,0.893,0.893,0.6694,0.9135,0.0793,0,0,0,0.0,False,MEDIUM
session_20260704_152302,leanforward_4m,center,SITTING,SITTING_LEAN_FORWARD,4.0,CENTER,1345.343,1413.640,MEDIUM,7,HIGH,single person center/front sitting subtype; protocol_order_time_fallback; start/end inferred from protocol order; no manual segment timing file; dominant_tid_ratio=1.000; tid_counts={7: 1239},68.297,1239,1239,1239,1.0,1.0,0.7732,0.9314,0.0686,0,0,0,0.0,False,MEDIUM
session_20260704_152302,leanforward_5m,center,SITTING,SITTING_LEAN_FORWARD,5.0,CENTER,1419.640,1487.937,MEDIUM,7,HIGH,single person center/front sitting subtype; protocol_order_time_fallback; start/end inferred from protocol order; no manual segment timing file; dominant_tid_ratio=1.000; tid_counts={7: 1242},68.297,1241,1242,1242,1.0008,1.0008,0.8736,0.9726,0.0258,0,0,0,0.0,False,MEDIUM
session_20260706_173741,standing_center_1m,center,STANDING,STANDING,1.0,CENTER,8.000,69.183,MEDIUM,0,HIGH,standing center side; protocol_order_time_fallback; start/end inferred from protocol order; no manual segment timing file; dominant_tid_ratio=1.000; tid_counts={0: 1113},61.183,1117,1113,1113,0.9964,0.9964,0.3064,0.8643,0.0836,0,0,0,0.0,False,MEDIUM
session_20260706_173741,standing_center_2m,center,STANDING,STANDING,2.0,CENTER,75.183,136.367,MEDIUM,0,HIGH,standing center side; protocol_order_time_fallback; start/end inferred from protocol order; no manual segment timing file; dominant_tid_ratio=1.000; tid_counts={0: 1112},61.184,1111,1112,1112,1.0009,1.0009,0.5288,0.8678,0.116,0,0,0,0.0,False,MEDIUM
session_20260706_173741,standing_center_3m,center,STANDING,STANDING,3.0,CENTER,142.367,203.550,MEDIUM,0,HIGH,standing center side; protocol_order_time_fallback; start/end inferred from protocol order; no manual segment timing file; dominant_tid_ratio=1.000; tid_counts={0: 1113},61.183,1112,1113,1113,1.0009,1.0009,0.8464,0.9829,0.0153,0,0,0,0.0,False,MEDIUM
session_20260706_173741,standing_center_4m,center,STANDING,STANDING,4.0,CENTER,209.550,270.733,MEDIUM,0,HIGH,standing center side; protocol_order_time_fallback; start/end inferred from protocol order; no manual segment timing file; dominant_tid_ratio=1.000; tid_counts={0: 1112},61.183,1112,1112,1112,1.0,1.0,0.8849,0.9928,0.0072,0,0,0,0.0,False,MEDIUM
session_20260706_173741,standing_center_5m,center,STANDING,STANDING,5.0,CENTER,276.733,337.917,MEDIUM,1,MEDIUM,"standing center side; protocol_order_time_fallback; start/end inferred from protocol order; no manual segment timing file; dominant_tid_ratio=0.513; tid_counts={0: 492, 1: 519}",61.184,1113,519,519,0.4663,0.4663,0.7688,0.9538,0.0135,0,1,0,0.0,False,MEDIUM
session_20260706_173741,standing_right_1m,right,STANDING,STANDING,1.0,RIGHT,343.917,405.100,MEDIUM,2,MEDIUM,"standing right side; protocol_order_time_fallback; start/end inferred from protocol order; no manual segment timing file; dominant_tid_ratio=0.725; tid_counts={1: 410, 2: 1080}",61.183,1084,1080,1080,0.9963,0.9963,0.7213,0.9685,0.0269,0,1,0,0.0,False,MEDIUM
session_20260706_173741,standing_right_2m,right,STANDING,STANDING,2.0,RIGHT,411.100,472.283,MEDIUM,2,HIGH,standing right side; protocol_order_time_fallback; start/end inferred from protocol order; no manual segment timing file; dominant_tid_ratio=1.000; tid_counts={2: 1146},61.183,1143,1146,1146,1.0026,1.0026,0.6815,0.8997,0.0716,0,0,0,0.0,False,MEDIUM
session_20260706_173741,standing_right_3m,right,STANDING,STANDING,3.0,RIGHT,478.283,539.467,MEDIUM,2,HIGH,standing right side; protocol_order_time_fallback; start/end inferred from protocol order; no manual segment timing file; dominant_tid_ratio=1.000; tid_counts={2: 1113},61.184,1112,1113,1113,1.0009,1.0009,0.7206,0.9335,0.0404,0,0,0,0.0,False,MEDIUM
session_20260706_173741,standing_right_4m,right,STANDING,STANDING,4.0,RIGHT,545.467,606.650,MEDIUM,2,HIGH,standing right side; protocol_order_time_fallback; start/end inferred from protocol order; no manual segment timing file; dominant_tid_ratio=1.000; tid_counts={2: 1112},61.183,1113,1112,1112,0.9991,0.9991,0.8759,0.9928,0.0045,1,0,0,0.0,False,MEDIUM
session_20260706_173741,standing_right_5m,right,STANDING,STANDING,5.0,RIGHT,612.650,673.833,MEDIUM,2,HIGH,standing right side; protocol_order_time_fallback; start/end inferred from protocol order; no manual segment timing file; dominant_tid_ratio=1.000; tid_counts={2: 1112},61.183,1112,1112,1112,1.0,1.0,0.8651,0.9487,0.0396,0,0,0,0.0,False,MEDIUM
session_20260706_173741,standing_left_1m,left,STANDING,STANDING,1.0,LEFT,679.833,741.017,MEDIUM,2,HIGH,standing left side; protocol_order_time_fallback; start/end inferred from protocol order; no manual segment timing file; dominant_tid_ratio=1.000; tid_counts={2: 1114},61.184,1113,1114,1114,1.0009,1.0009,0.6409,0.7406,0.2083,0,0,0,0.0,False,MEDIUM
session_20260706_173741,standing_left_2m,left,STANDING,STANDING,2.0,LEFT,747.017,808.200,MEDIUM,2,HIGH,standing left side; protocol_order_time_fallback; start/end inferred from protocol order; no manual segment timing file; dominant_tid_ratio=1.000; tid_counts={2: 1112},61.183,1111,1112,1112,1.0009,1.0009,0.5926,0.8534,0.0791,0,0,0,0.0,False,MEDIUM
session_20260706_173741,standing_left_3m,left,STANDING,STANDING,3.0,LEFT,814.200,875.383,MEDIUM,2,HIGH,standing left side; protocol_order_time_fallback; start/end inferred from protocol order; no manual segment timing file; dominant_tid_ratio=1.000; tid_counts={2: 1113},61.183,1113,1113,1113,1.0,1.0,0.5723,0.9272,0.0485,0,0,0,0.0,False,MEDIUM
session_20260706_173741,standing_left_4m,left,STANDING,STANDING,4.0,LEFT,881.383,942.567,MEDIUM,2,HIGH,standing left side; protocol_order_time_fallback; start/end inferred from protocol order; no manual segment timing file; dominant_tid_ratio=1.000; tid_counts={2: 1113},61.184,1112,1113,1113,1.0009,1.0009,0.637,0.9802,0.0144,0,0,0,0.0,False,MEDIUM
session_20260706_173741,standing_left_5m,left,STANDING,STANDING,5.0,LEFT,948.567,1009.750,MEDIUM,2,HIGH,standing left side; protocol_order_time_fallback; start/end inferred from protocol order; no manual segment timing file; dominant_tid_ratio=1.000; tid_counts={2: 1113},61.183,1112,1113,1113,1.0009,1.0009,0.7493,0.991,0.009,0,0,0,0.0,False,MEDIUM
session_20260706_175519,leanback_center_1m,center,SITTING,SITTING_LEAN_BACK,1.0,CENTER,8.000,72.316,MEDIUM,0,HIGH,sitting lean-back center side; protocol_order_time_fallback; start/end inferred from protocol order; no manual segment timing file; dominant_tid_ratio=1.000; tid_counts={0: 1169},64.316,1171,1169,1169,0.9983,0.9983,0.6912,0.9187,0.0796,0,0,0,0.0,False,MEDIUM
session_20260706_175519,leanback_center_2m,center,SITTING,SITTING_LEAN_BACK,2.0,CENTER,78.316,142.631,MEDIUM,0,HIGH,sitting lean-back center side; protocol_order_time_fallback; start/end inferred from protocol order; no manual segment timing file; dominant_tid_ratio=1.000; tid_counts={0: 1169},64.315,1169,1169,1169,1.0,1.0,0.8144,0.9598,0.0393,0,0,0,0.0,False,MEDIUM
session_20260706_175519,leanback_center_3m,center,SITTING,SITTING_LEAN_BACK,3.0,CENTER,148.631,212.947,MEDIUM,0,HIGH,sitting lean-back center side; protocol_order_time_fallback; start/end inferred from protocol order; no manual segment timing file; dominant_tid_ratio=1.000; tid_counts={0: 1169},64.316,1170,1169,1169,0.9991,0.9991,0.8443,0.9649,0.0325,0,0,0,0.0,False,MEDIUM
session_20260706_175519,leanback_center_4m,center,SITTING,SITTING_LEAN_BACK,4.0,CENTER,218.947,283.263,MEDIUM,0,HIGH,sitting lean-back center side; protocol_order_time_fallback; start/end inferred from protocol order; no manual segment timing file; dominant_tid_ratio=1.000; tid_counts={0: 1169},64.316,1169,1169,1169,1.0,1.0,0.7784,0.9615,0.0334,0,0,0,0.0,False,MEDIUM
session_20260706_175519,leanback_center_5m,center,SITTING,SITTING_LEAN_BACK,5.0,CENTER,289.263,353.578,MEDIUM,0,HIGH,sitting lean-back center side; protocol_order_time_fallback; start/end inferred from protocol order; no manual segment timing file; dominant_tid_ratio=1.000; tid_counts={0: 868},64.315,1170,868,868,0.7419,0.7419,0.8767,0.9931,0.0,0,0,0,0.0,False,MEDIUM
session_20260706_175519,leanback_right_1m,right,SITTING,SITTING_LEAN_BACK,1.0,RIGHT,359.578,423.894,MEDIUM,2,HIGH,"sitting lean-back right side; protocol_order_time_fallback; start/end inferred from protocol order; no manual segment timing file; dominant_tid_ratio=0.984; tid_counts={1: 12, 2: 718}",64.316,1169,718,718,0.6142,0.6142,0.5794,0.8412,0.0947,0,0,0,0.0,False,MEDIUM
session_20260706_175519,leanback_right_2m,right,SITTING,SITTING_LEAN_BACK,2.0,RIGHT,429.894,494.210,MEDIUM,2,HIGH,sitting lean-back right side; protocol_order_time_fallback; start/end inferred from protocol order; no manual segment timing file; dominant_tid_ratio=1.000; tid_counts={2: 1171},64.316,1164,1171,1171,1.006,1.006,0.8506,0.9257,0.0743,0,0,0,0.0,False,MEDIUM
session_20260706_175519,leanback_right_3m,right,SITTING,SITTING_LEAN_BACK,3.0,RIGHT,500.210,564.525,MEDIUM,2,HIGH,sitting lean-back right side; protocol_order_time_fallback; start/end inferred from protocol order; no manual segment timing file; dominant_tid_ratio=1.000; tid_counts={2: 1169},64.315,1176,1169,1169,0.994,0.994,0.8914,0.9495,0.0385,0,0,0,0.0,False,MEDIUM
session_20260706_175519,leanback_right_4m,right,SITTING,SITTING_LEAN_BACK,4.0,RIGHT,570.525,634.841,MEDIUM,3,HIGH,"sitting lean-back right side; protocol_order_time_fallback; start/end inferred from protocol order; no manual segment timing file; dominant_tid_ratio=0.964; tid_counts={2: 26, 3: 706}",64.316,1170,706,706,0.6034,0.6034,0.8074,0.9476,0.0326,0,0,0,0.0,False,MEDIUM
session_20260706_175519,leanback_right_5m,right,SITTING,SITTING_LEAN_BACK,5.0,RIGHT,640.841,705.157,MEDIUM,3,HIGH,sitting lean-back right side; protocol_order_time_fallback; start/end inferred from protocol order; no manual segment timing file; dominant_tid_ratio=1.000; tid_counts={3: 1170},64.316,1170,1170,1170,1.0,1.0,0.9299,0.9957,0.0043,0,0,0,0.0,False,MEDIUM
session_20260706_175519,leanback_left_1m,left,SITTING,SITTING_LEAN_BACK,1.0,LEFT,711.157,775.472,MEDIUM,4,HIGH,"sitting lean-back left side; protocol_order_time_fallback; start/end inferred from protocol order; no manual segment timing file; dominant_tid_ratio=0.831; tid_counts={3: 130, 4: 638}",64.315,1169,638,638,0.5458,0.5458,0.6865,0.7461,0.2351,0,1,0,0.0,False,MEDIUM
session_20260706_175519,leanback_left_2m,left,SITTING,SITTING_LEAN_BACK,2.0,LEFT,781.472,845.788,MEDIUM,4,HIGH,sitting lean-back left side; protocol_order_time_fallback; start/end inferred from protocol order; no manual segment timing file; dominant_tid_ratio=1.000; tid_counts={4: 1169},64.316,1169,1169,1169,1.0,1.0,0.7553,0.8982,0.0975,0,0,0,0.0,False,MEDIUM
session_20260706_175519,leanback_left_3m,left,SITTING,SITTING_LEAN_BACK,3.0,LEFT,851.788,916.104,MEDIUM,4,HIGH,sitting lean-back left side; protocol_order_time_fallback; start/end inferred from protocol order; no manual segment timing file; dominant_tid_ratio=1.000; tid_counts={4: 1169},64.316,1170,1169,1169,0.9991,0.9991,0.8648,0.9589,0.0385,0,0,0,0.0,False,MEDIUM
session_20260706_175519,leanback_left_4m,left,SITTING,SITTING_LEAN_BACK,4.0,LEFT,922.104,986.419,MEDIUM,6,HIGH,"sitting lean-back left side; protocol_order_time_fallback; start/end inferred from protocol order; no manual segment timing file; dominant_tid_ratio=0.786; tid_counts={4: 182, 5: 8, 6: 698}",64.315,1168,698,698,0.5976,0.5976,0.8682,0.9542,0.0272,0,1,0,0.0,False,MEDIUM
session_20260706_175519,leanback_left_5m,left,SITTING,SITTING_LEAN_BACK,5.0,LEFT,992.419,1056.735,MEDIUM,7,MEDIUM,"sitting lean-back left side; protocol_order_time_fallback; start/end inferred from protocol order; no manual segment timing file; dominant_tid_ratio=0.745; tid_counts={6: 148, 7: 433}",64.316,1170,433,433,0.3701,0.3701,0.836,0.9561,0.03,0,1,0,0.0,False,MEDIUM
